counter_1,CSyft_3/core_1/envs_1,0.014
counter_1,CSyft_3/core_1/envs_2,0.012
counter_1,CSyft_3/core_1/envs_3,0.015
counter_1,CSyft_3/core_1/envs_4,0.02
counter_1,CSyft_3/core_1/envs_5,0.021
counter_1,CSyft_3/core_1/envs_6,0.024
counter_1,CSyft_3/core_1/envs_7,0.028
counter_1,CSyft_3/core_1/envs_8,0.035
counter_1,CSyft_3/core_1/envs_9,0.049
counter_1,CSyft_3/core_1/envs_10,0.054
counter_1,CSyft_3/core_1/envs_11,0.064
counter_1,CSyft_3/core_1/envs_12,0.082
counter_1,CSyft_3/core_1/envs_13,0.093
counter_1,CSyft_3/core_1/envs_14,0.11
counter_1,CSyft_3/core_1/envs_15,0.138
counter_1,CSyft_3/core_1/envs_16,0.174
counter_1,CSyft_3/core_1/envs_17,0.202
counter_1,CSyft_3/core_1/envs_18,0.238
counter_1,CSyft_3/core_1/envs_19,0.263
counter_1,CSyft_3/core_1/envs_20,0.335
counter_1,CSyft_3/core_1/envs_21,0.375
counter_1,CSyft_3/core_1/envs_22,0.431
counter_1,CSyft_3/core_1/envs_23,0.498
counter_1,CSyft_3/core_1/envs_24,0.564
counter_1,CSyft_3/core_1/envs_25,0.667
counter_1,CSyft_3/core_1/envs_26,0.728
counter_1,CSyft_3/core_1/envs_27,0.806
counter_1,CSyft_3/core_1/envs_28,0.896
counter_1,CSyft_3/core_1/envs_29,0.999
counter_1,CSyft_3/core_1/envs_30,1.096
counter_1,CSyft_3/core_1/envs_31,1.214
counter_1,CSyft_3/core_1/envs_32,1.436
counter_1,CSyft_3/core_1/envs_33,1.816
counter_1,CSyft_3/core_1/envs_34,2.147
counter_1,CSyft_3/core_1/envs_35,2.163
counter_1,CSyft_3/core_1/envs_36,2.223
counter_1,CSyft_3/core_1/envs_37,2.328
counter_1,CSyft_3/core_1/envs_38,2.456
counter_1,CSyft_3/core_1/envs_39,2.841
counter_1,CSyft_3/core_1/envs_40,3.027
counter_1,CSyft_3/core_1/envs_41,3.14
counter_1,CSyft_3/core_1/envs_42,3.557
counter_1,CSyft_3/core_1/envs_43,3.6
counter_1,CSyft_3/core_1/envs_44,4.081
counter_1,CSyft_3/core_1/envs_45,5.413
counter_1,CSyft_3/core_1/envs_46,5.133
counter_1,CSyft_3/core_1/envs_47,5.244
counter_1,CSyft_3/core_1/envs_48,5.415
counter_1,CSyft_3/core_1/envs_49,5.686
counter_1,CSyft_3/core_1/envs_50,6.345
counter_1,CSyft_3/core_1/envs_51,6.659
counter_1,CSyft_3/core_1/envs_52,6.955
counter_1,CSyft_3/core_1/envs_53,7.378
counter_1,CSyft_3/core_1/envs_54,7.76
counter_1,CSyft_3/core_1/envs_55,8.659
counter_1,CSyft_3/core_1/envs_56,8.991
counter_1,CSyft_3/core_1/envs_57,9.538
counter_1,CSyft_3/core_1/envs_58,11.696
counter_1,CSyft_3/core_1/envs_59,11.542
counter_1,CSyft_3/core_1/envs_60,11.575
counter_1,CSyft_3/core_1/envs_61,13.207
counter_1,CSyft_3/core_1/envs_62,14.557
counter_1,CSyft_3/core_1/envs_63,14.854
counter_1,CSyft_3/core_1/envs_64,15.741
counter_1,CSyft_3/core_1/envs_65,17.293
counter_1,CSyft_3/core_1/envs_66,19.777
counter_1,CSyft_3/core_1/envs_67,22.954
counter_1,CSyft_3/core_1/envs_68,23.102
counter_1,CSyft_3/core_1/envs_69,25.124
counter_1,CSyft_3/core_1/envs_70,27.119
counter_1,CSyft_3/core_1/envs_71,29.257
counter_1,CSyft_3/core_1/envs_72,31.155
counter_1,CSyft_3/core_1/envs_73,34.092
counter_1,CSyft_3/core_1/envs_74,35.125
counter_1,CSyft_3/core_1/envs_75,38.09
counter_1,CSyft_3/core_1/envs_76,40.34
counter_1,CSyft_3/core_1/envs_77,42.897
counter_1,CSyft_3/core_1/envs_78,46.977
counter_1,CSyft_3/core_1/envs_79,50.021
counter_1,CSyft_3/core_1/envs_80,53.795
counter_1,CSyft_3/core_1/envs_81,55.899
counter_1,CSyft_3/core_1/envs_82,56.727
counter_1,CSyft_3/core_1/envs_83,63.337
counter_1,CSyft_3/core_1/envs_84,62.588
counter_1,CSyft_3/core_1/envs_85,67.915
counter_1,CSyft_3/core_1/envs_86,71.861
counter_1,CSyft_3/core_1/envs_87,73.446
counter_1,CSyft_3/core_1/envs_88,77.886
counter_1,CSyft_3/core_1/envs_89,82.028
counter_1,CSyft_3/core_1/envs_90,82.615
counter_1,CSyft_3/core_1/envs_91,88.114
counter_1,CSyft_3/core_1/envs_92,88.79
counter_1,CSyft_3/core_1/envs_93,98.685
counter_1,CSyft_3/core_1/envs_94,100.165
counter_1,CSyft_3/core_1/envs_95,106.271
counter_1,CSyft_3/core_1/envs_96,107.159
counter_1,CSyft_3/core_1/envs_97,114.424
counter_1,CSyft_3/core_1/envs_98,119.697
counter_1,CSyft_3/core_1/envs_99,122.309
counter_1,CSyft_3/core_1/envs_100,127.7
counter_2,CSyft_3/core_1/envs_1,0.015
counter_2,CSyft_3/core_1/envs_2,0.018
counter_2,CSyft_3/core_1/envs_3,0.021
counter_2,CSyft_3/core_1/envs_4,0.024
counter_2,CSyft_3/core_1/envs_5,0.031
counter_2,CSyft_3/core_1/envs_6,0.042
counter_2,CSyft_3/core_1/envs_7,0.047
counter_2,CSyft_3/core_1/envs_8,0.062
counter_2,CSyft_3/core_1/envs_9,0.08
counter_2,CSyft_3/core_1/envs_10,0.101
counter_2,CSyft_3/core_1/envs_11,0.135
counter_2,CSyft_3/core_1/envs_12,0.176
counter_2,CSyft_3/core_1/envs_13,0.215
counter_2,CSyft_3/core_1/envs_14,0.255
counter_2,CSyft_3/core_1/envs_15,0.307
counter_2,CSyft_3/core_1/envs_16,0.392
counter_2,CSyft_3/core_1/envs_17,0.459
counter_2,CSyft_3/core_1/envs_18,0.537
counter_2,CSyft_3/core_1/envs_19,0.664
counter_2,CSyft_3/core_1/envs_20,0.757
counter_2,CSyft_3/core_1/envs_21,0.873
counter_2,CSyft_3/core_1/envs_22,0.983
counter_2,CSyft_3/core_1/envs_23,1.112
counter_2,CSyft_3/core_1/envs_24,1.255
counter_2,CSyft_3/core_1/envs_25,1.484
counter_2,CSyft_3/core_1/envs_26,1.652
counter_2,CSyft_3/core_1/envs_27,1.838
counter_2,CSyft_3/core_1/envs_28,2.034
counter_2,CSyft_3/core_1/envs_29,2.237
counter_2,CSyft_3/core_1/envs_30,2.454
counter_2,CSyft_3/core_1/envs_31,2.694
counter_2,CSyft_3/core_1/envs_32,2.972
counter_2,CSyft_3/core_1/envs_33,3.253
counter_2,CSyft_3/core_1/envs_34,3.566
counter_2,CSyft_3/core_1/envs_35,3.917
counter_2,CSyft_3/core_1/envs_36,4.731
counter_2,CSyft_3/core_1/envs_37,4.956
counter_2,CSyft_3/core_1/envs_38,5.355
counter_2,CSyft_3/core_1/envs_39,5.632
counter_2,CSyft_3/core_1/envs_40,5.978
counter_2,CSyft_3/core_1/envs_41,6.252
counter_2,CSyft_3/core_1/envs_42,6.957
counter_2,CSyft_3/core_1/envs_43,7.389
counter_2,CSyft_3/core_1/envs_44,7.688
counter_2,CSyft_3/core_1/envs_45,8.564
counter_2,CSyft_3/core_1/envs_46,10.541
counter_2,CSyft_3/core_1/envs_47,10.126
counter_2,CSyft_3/core_1/envs_48,10.559
counter_2,CSyft_3/core_1/envs_49,11.072
counter_2,CSyft_3/core_1/envs_50,11.896
counter_2,CSyft_3/core_1/envs_51,13.699
counter_2,CSyft_3/core_1/envs_52,14.117
counter_2,CSyft_3/core_1/envs_53,14.308
counter_2,CSyft_3/core_1/envs_54,15.262
counter_2,CSyft_3/core_1/envs_55,16.049
counter_2,CSyft_3/core_1/envs_56,17.483
counter_2,CSyft_3/core_1/envs_57,20.062
counter_2,CSyft_3/core_1/envs_58,20.263
counter_2,CSyft_3/core_1/envs_59,21.725
counter_2,CSyft_3/core_1/envs_60,22.238
counter_2,CSyft_3/core_1/envs_61,24.674
counter_2,CSyft_3/core_1/envs_62,25.67
counter_2,CSyft_3/core_1/envs_63,28.253
counter_2,CSyft_3/core_1/envs_64,30.916
counter_2,CSyft_3/core_1/envs_65,35.509
counter_2,CSyft_3/core_1/envs_66,37.721
counter_2,CSyft_3/core_1/envs_67,41.18
counter_2,CSyft_3/core_1/envs_68,43.805
counter_2,CSyft_3/core_1/envs_69,45.99
counter_2,CSyft_3/core_1/envs_70,50.004
counter_2,CSyft_3/core_1/envs_71,51.901
counter_2,CSyft_3/core_1/envs_72,54.48
counter_2,CSyft_3/core_1/envs_73,57.851
counter_2,CSyft_3/core_1/envs_74,63.393
counter_2,CSyft_3/core_1/envs_75,68.306
counter_2,CSyft_3/core_1/envs_76,74.39
counter_2,CSyft_3/core_1/envs_77,78.634
counter_2,CSyft_3/core_1/envs_78,79.396
counter_2,CSyft_3/core_1/envs_79,83.283
counter_2,CSyft_3/core_1/envs_80,86.555
counter_2,CSyft_3/core_1/envs_81,92.745
counter_2,CSyft_3/core_1/envs_82,98.552
counter_2,CSyft_3/core_1/envs_83,102.701
counter_2,CSyft_3/core_1/envs_84,110.62
counter_2,CSyft_3/core_1/envs_85,112.88
counter_2,CSyft_3/core_1/envs_86,120.74
counter_2,CSyft_3/core_1/envs_87,125.085
counter_2,CSyft_3/core_1/envs_88,127.328
counter_2,CSyft_3/core_1/envs_89,135.149
counter_2,CSyft_3/core_1/envs_90,140.306
counter_2,CSyft_3/core_1/envs_91,146.259
counter_2,CSyft_3/core_1/envs_92,159.605
counter_2,CSyft_3/core_1/envs_93,163.625
counter_2,CSyft_3/core_1/envs_94,164.229
counter_2,CSyft_3/core_1/envs_95,172.622
counter_2,CSyft_3/core_1/envs_96,183.527
counter_2,CSyft_3/core_1/envs_97,191.907
counter_2,CSyft_3/core_1/envs_98,201.613
counter_2,CSyft_3/core_1/envs_99,209.725
counter_2,CSyft_3/core_1/envs_100,220.104
counter_3,CSyft_3/core_1/envs_1,0.024
counter_3,CSyft_3/core_1/envs_2,0.029
counter_3,CSyft_3/core_1/envs_3,0.031
counter_3,CSyft_3/core_1/envs_4,0.04
counter_3,CSyft_3/core_1/envs_5,0.048
counter_3,CSyft_3/core_1/envs_6,0.066
counter_3,CSyft_3/core_1/envs_7,0.088
counter_3,CSyft_3/core_1/envs_8,0.142
counter_3,CSyft_3/core_1/envs_9,0.251
counter_3,CSyft_3/core_1/envs_10,0.467
counter_3,CSyft_3/core_1/envs_11,0.778
counter_3,CSyft_3/core_1/envs_12,1.156
counter_3,CSyft_3/core_1/envs_13,1.73
counter_3,CSyft_3/core_1/envs_14,2.348
counter_3,CSyft_3/core_1/envs_15,3.07
counter_3,CSyft_3/core_1/envs_16,3.96
counter_3,CSyft_3/core_1/envs_17,4.945
counter_3,CSyft_3/core_1/envs_18,6.456
counter_3,CSyft_3/core_1/envs_19,7.583
counter_3,CSyft_3/core_1/envs_20,9.332
counter_3,CSyft_3/core_1/envs_21,10.643
counter_3,CSyft_3/core_1/envs_22,12.796
counter_3,CSyft_3/core_1/envs_23,14.296
counter_3,CSyft_3/core_1/envs_24,16.888
counter_3,CSyft_3/core_1/envs_25,19.204
counter_3,CSyft_3/core_1/envs_26,22.096
counter_3,CSyft_3/core_1/envs_27,24.793
counter_3,CSyft_3/core_1/envs_28,27.934
counter_3,CSyft_3/core_1/envs_29,31.504
counter_3,CSyft_3/core_1/envs_30,34.966
counter_3,CSyft_3/core_1/envs_31,39.37
counter_3,CSyft_3/core_1/envs_32,44.044
counter_3,CSyft_3/core_1/envs_33,49.442
counter_3,CSyft_3/core_1/envs_34,54.547
counter_3,CSyft_3/core_1/envs_35,60.322
counter_3,CSyft_3/core_1/envs_36,66.782
counter_3,CSyft_3/core_1/envs_37,72.775
counter_3,CSyft_3/core_1/envs_38,79.157
counter_3,CSyft_3/core_1/envs_39,86.076
counter_3,CSyft_3/core_1/envs_40,94.419
counter_3,CSyft_3/core_1/envs_41,101.654
counter_3,CSyft_3/core_1/envs_42,109.942
counter_3,CSyft_3/core_1/envs_43,119.577
counter_3,CSyft_3/core_1/envs_44,127.474
counter_3,CSyft_3/core_1/envs_45,137.008
counter_3,CSyft_3/core_1/envs_46,146.02
counter_3,CSyft_3/core_1/envs_47,156.563
counter_3,CSyft_3/core_1/envs_48,167.993
counter_3,CSyft_3/core_1/envs_49,178.99
counter_3,CSyft_3/core_1/envs_50,190.693
counter_3,CSyft_3/core_1/envs_51,202.102
counter_3,CSyft_3/core_1/envs_52,218.742
counter_3,CSyft_3/core_1/envs_53,232.453
counter_3,CSyft_3/core_1/envs_54,246.648
counter_3,CSyft_3/core_1/envs_55,257.755
counter_3,CSyft_3/core_1/envs_56,271.223
counter_3,CSyft_3/core_1/envs_57,288.325
counter_4,CSyft_3/core_1/envs_1,0.04
counter_4,CSyft_3/core_1/envs_2,0.054
counter_4,CSyft_3/core_1/envs_3,0.055
counter_4,CSyft_3/core_1/envs_4,0.063
counter_4,CSyft_3/core_1/envs_5,0.08
counter_4,CSyft_3/core_1/envs_6,0.099
counter_4,CSyft_3/core_1/envs_7,0.135
counter_4,CSyft_3/core_1/envs_8,0.22
counter_4,CSyft_3/core_1/envs_9,0.414
counter_4,CSyft_3/core_1/envs_10,0.832
counter_4,CSyft_3/core_1/envs_11,1.81
counter_4,CSyft_3/core_1/envs_12,3.939
counter_4,CSyft_3/core_1/envs_13,8.994
counter_4,CSyft_3/core_1/envs_14,21.469
counter_4,CSyft_3/core_1/envs_15,57.068
counter_4,CSyft_3/core_1/envs_16,158.347
counter_5,CSyft_3/core_1/envs_1,0.109
counter_5,CSyft_3/core_1/envs_2,0.12
counter_5,CSyft_3/core_1/envs_3,0.125
counter_5,CSyft_3/core_1/envs_4,0.147
counter_5,CSyft_3/core_1/envs_5,0.164
counter_5,CSyft_3/core_1/envs_6,0.215
counter_5,CSyft_3/core_1/envs_7,0.262
counter_5,CSyft_3/core_1/envs_8,0.399
counter_5,CSyft_3/core_1/envs_9,0.679
counter_5,CSyft_3/core_1/envs_10,1.198
counter_5,CSyft_3/core_1/envs_11,2.278
counter_5,CSyft_3/core_1/envs_12,5.007
counter_5,CSyft_3/core_1/envs_13,10.892
counter_5,CSyft_3/core_1/envs_14,23.386
counter_5,CSyft_3/core_1/envs_15,62.452
counter_5,CSyft_3/core_1/envs_16,195.065
counter_6,CSyft_3/core_1/envs_1,0.492
counter_6,CSyft_3/core_1/envs_2,0.544
counter_6,CSyft_3/core_1/envs_3,0.597
counter_6,CSyft_3/core_1/envs_4,0.645
counter_6,CSyft_3/core_1/envs_5,0.814
counter_6,CSyft_3/core_1/envs_6,1.033
counter_6,CSyft_3/core_1/envs_7,1.397
counter_6,CSyft_3/core_1/envs_8,1.737
counter_6,CSyft_3/core_1/envs_9,2.026
counter_6,CSyft_3/core_1/envs_10,2.692
counter_6,CSyft_3/core_1/envs_11,3.927
counter_6,CSyft_3/core_1/envs_12,6.727
counter_6,CSyft_3/core_1/envs_13,13.67
counter_6,CSyft_3/core_1/envs_14,27.977
counter_6,CSyft_3/core_1/envs_15,65.538
counter_6,CSyft_3/core_1/envs_16,200.965
counter_7,CSyft_3/core_1/envs_1,4.571
counter_7,CSyft_3/core_1/envs_2,4.692
counter_7,CSyft_3/core_1/envs_3,4.789
counter_7,CSyft_3/core_1/envs_4,4.904
counter_7,CSyft_3/core_1/envs_5,5.249
counter_7,CSyft_3/core_1/envs_6,5.81
counter_7,CSyft_3/core_1/envs_7,8.734
counter_7,CSyft_3/core_1/envs_8,7.106
counter_7,CSyft_3/core_1/envs_9,7.221
counter_7,CSyft_3/core_1/envs_10,8.187
counter_7,CSyft_3/core_1/envs_11,10.278
counter_7,CSyft_3/core_1/envs_12,13.678
counter_7,CSyft_3/core_1/envs_13,23.626
counter_7,CSyft_3/core_1/envs_14,38.291
counter_7,CSyft_3/core_1/envs_15,79.635
counter_7,CSyft_3/core_1/envs_16,230.954
counter_8,CSyft_3/core_1/envs_1,14.822
counter_8,CSyft_3/core_1/envs_2,14.22
counter_8,CSyft_3/core_1/envs_3,15.875
counter_8,CSyft_3/core_1/envs_4,15.146
counter_8,CSyft_3/core_1/envs_5,14.263
counter_8,CSyft_3/core_1/envs_6,17.844
counter_8,CSyft_3/core_1/envs_7,15.605
counter_8,CSyft_3/core_1/envs_8,16.47
counter_8,CSyft_3/core_1/envs_9,19.001
counter_8,CSyft_3/core_1/envs_10,22.118
counter_8,CSyft_3/core_1/envs_11,24.244
counter_8,CSyft_3/core_1/envs_12,27.942
counter_8,CSyft_3/core_1/envs_13,40.222
counter_8,CSyft_3/core_1/envs_14,64.812
counter_8,CSyft_3/core_1/envs_15,113.124
counter_8,CSyft_3/core_1/envs_16,286.726
counter_1,CSyft_3/core_10/envs_10,0.02
counter_1,CSyft_3/core_10/envs_11,0.023
counter_1,CSyft_3/core_10/envs_12,0.026
counter_1,CSyft_3/core_10/envs_13,0.035
counter_1,CSyft_3/core_10/envs_14,0.038
counter_1,CSyft_3/core_10/envs_15,0.051
counter_1,CSyft_3/core_10/envs_16,0.062
counter_1,CSyft_3/core_10/envs_17,0.079
counter_1,CSyft_3/core_10/envs_18,0.094
counter_1,CSyft_3/core_10/envs_19,0.114
counter_1,CSyft_3/core_10/envs_20,0.138
counter_1,CSyft_3/core_10/envs_21,0.162
counter_1,CSyft_3/core_10/envs_22,0.193
counter_1,CSyft_3/core_10/envs_23,0.23
counter_1,CSyft_3/core_10/envs_24,0.268
counter_1,CSyft_3/core_10/envs_25,0.314
counter_1,CSyft_3/core_10/envs_26,0.384
counter_1,CSyft_3/core_10/envs_27,0.434
counter_1,CSyft_3/core_10/envs_28,0.497
counter_1,CSyft_3/core_10/envs_29,0.567
counter_1,CSyft_3/core_10/envs_30,0.632
counter_1,CSyft_3/core_10/envs_31,0.754
counter_1,CSyft_3/core_10/envs_32,0.837
counter_1,CSyft_3/core_10/envs_33,0.939
counter_1,CSyft_3/core_10/envs_34,1.055
counter_1,CSyft_3/core_10/envs_35,1.194
counter_1,CSyft_3/core_10/envs_36,1.646
counter_1,CSyft_3/core_10/envs_37,1.922
counter_1,CSyft_3/core_10/envs_38,1.963
counter_1,CSyft_3/core_10/envs_39,2.01
counter_1,CSyft_3/core_10/envs_40,2.164
counter_1,CSyft_3/core_10/envs_41,2.178
counter_1,CSyft_3/core_10/envs_42,2.433
counter_1,CSyft_3/core_10/envs_43,2.881
counter_1,CSyft_3/core_10/envs_44,2.846
counter_1,CSyft_3/core_10/envs_45,3.348
counter_1,CSyft_3/core_10/envs_46,3.447
counter_1,CSyft_3/core_10/envs_47,3.566
counter_1,CSyft_3/core_10/envs_48,3.864
counter_1,CSyft_3/core_10/envs_49,4.288
counter_1,CSyft_3/core_10/envs_50,5.176
counter_1,CSyft_3/core_10/envs_51,5.142
counter_1,CSyft_3/core_10/envs_52,5.352
counter_1,CSyft_3/core_10/envs_53,6.24
counter_1,CSyft_3/core_10/envs_54,6.581
counter_1,CSyft_3/core_10/envs_55,7.29
counter_1,CSyft_3/core_10/envs_56,7.458
counter_1,CSyft_3/core_10/envs_57,7.485
counter_1,CSyft_3/core_10/envs_58,7.968
counter_1,CSyft_3/core_10/envs_59,8.652
counter_1,CSyft_3/core_10/envs_60,9.086
counter_1,CSyft_3/core_10/envs_61,10.996
counter_1,CSyft_3/core_10/envs_62,10.762
counter_1,CSyft_3/core_10/envs_63,11.859
counter_1,CSyft_3/core_10/envs_64,12.483
counter_1,CSyft_3/core_10/envs_65,13.287
counter_1,CSyft_3/core_10/envs_66,13.692
counter_1,CSyft_3/core_10/envs_67,14.87
counter_1,CSyft_3/core_10/envs_68,15.941
counter_1,CSyft_3/core_10/envs_69,18.185
counter_1,CSyft_3/core_10/envs_70,20.486
counter_1,CSyft_3/core_10/envs_71,22.203
counter_1,CSyft_3/core_10/envs_72,23.745
counter_1,CSyft_3/core_10/envs_73,25.375
counter_1,CSyft_3/core_10/envs_74,28.636
counter_1,CSyft_3/core_10/envs_75,31.23
counter_1,CSyft_3/core_10/envs_76,32.003
counter_1,CSyft_3/core_10/envs_77,33.762
counter_1,CSyft_3/core_10/envs_78,36.173
counter_1,CSyft_3/core_10/envs_79,38.49
counter_1,CSyft_3/core_10/envs_80,40.625
counter_1,CSyft_3/core_10/envs_81,45.922
counter_1,CSyft_3/core_10/envs_82,47.009
counter_1,CSyft_3/core_10/envs_83,49.095
counter_1,CSyft_3/core_10/envs_84,52.342
counter_1,CSyft_3/core_10/envs_85,54.917
counter_1,CSyft_3/core_10/envs_86,60.019
counter_1,CSyft_3/core_10/envs_87,61.535
counter_1,CSyft_3/core_10/envs_88,63.606
counter_1,CSyft_3/core_10/envs_89,66.68
counter_1,CSyft_3/core_10/envs_90,70.164
counter_1,CSyft_3/core_10/envs_91,77.888
counter_1,CSyft_3/core_10/envs_92,77.203
counter_1,CSyft_3/core_10/envs_93,81.301
counter_1,CSyft_3/core_10/envs_94,89.188
counter_1,CSyft_3/core_10/envs_95,90.75
counter_1,CSyft_3/core_10/envs_96,92.323
counter_1,CSyft_3/core_10/envs_97,101.202
counter_1,CSyft_3/core_10/envs_98,101.493
counter_1,CSyft_3/core_10/envs_99,105.654
counter_1,CSyft_3/core_10/envs_100,109.14
counter_2,CSyft_3/core_10/envs_10,0.026
counter_2,CSyft_3/core_10/envs_11,0.031
counter_2,CSyft_3/core_10/envs_12,0.037
counter_2,CSyft_3/core_10/envs_13,0.05
counter_2,CSyft_3/core_10/envs_14,0.065
counter_2,CSyft_3/core_10/envs_15,0.083
counter_2,CSyft_3/core_10/envs_16,0.107
counter_2,CSyft_3/core_10/envs_17,0.138
counter_2,CSyft_3/core_10/envs_18,0.174
counter_2,CSyft_3/core_10/envs_19,0.229
counter_2,CSyft_3/core_10/envs_20,0.276
counter_2,CSyft_3/core_10/envs_21,0.361
counter_2,CSyft_3/core_10/envs_22,0.478
counter_2,CSyft_3/core_10/envs_23,0.582
counter_2,CSyft_3/core_10/envs_24,0.784
counter_2,CSyft_3/core_10/envs_25,0.944
counter_2,CSyft_3/core_10/envs_26,1.088
counter_2,CSyft_3/core_10/envs_27,1.228
counter_2,CSyft_3/core_10/envs_28,1.21
counter_2,CSyft_3/core_10/envs_29,1.368
counter_2,CSyft_3/core_10/envs_30,1.608
counter_2,CSyft_3/core_10/envs_31,1.662
counter_2,CSyft_3/core_10/envs_32,1.843
counter_2,CSyft_3/core_10/envs_33,2.062
counter_2,CSyft_3/core_10/envs_34,2.497
counter_2,CSyft_3/core_10/envs_35,2.714
counter_2,CSyft_3/core_10/envs_36,2.739
counter_2,CSyft_3/core_10/envs_37,3.115
counter_2,CSyft_3/core_10/envs_38,3.463
counter_2,CSyft_3/core_10/envs_39,3.949
counter_2,CSyft_3/core_10/envs_40,4.72
counter_2,CSyft_3/core_10/envs_41,4.973
counter_2,CSyft_3/core_10/envs_42,5.069
counter_2,CSyft_3/core_10/envs_43,5.392
counter_2,CSyft_3/core_10/envs_44,5.968
counter_2,CSyft_3/core_10/envs_45,6.713
counter_2,CSyft_3/core_10/envs_46,7.214
counter_2,CSyft_3/core_10/envs_47,7.181
counter_2,CSyft_3/core_10/envs_48,7.679
counter_2,CSyft_3/core_10/envs_49,8.199
counter_2,CSyft_3/core_10/envs_50,8.736
counter_2,CSyft_3/core_10/envs_51,10.368
counter_2,CSyft_3/core_10/envs_52,10.453
counter_2,CSyft_3/core_10/envs_53,11.813
counter_2,CSyft_3/core_10/envs_54,13.275
counter_2,CSyft_3/core_10/envs_55,12.981
counter_2,CSyft_3/core_10/envs_56,14.078
counter_2,CSyft_3/core_10/envs_57,14.118
counter_2,CSyft_3/core_10/envs_58,15.323
counter_2,CSyft_3/core_10/envs_59,16.128
counter_2,CSyft_3/core_10/envs_60,18.801
counter_2,CSyft_3/core_10/envs_61,18.222
counter_2,CSyft_3/core_10/envs_62,19.857
counter_2,CSyft_3/core_10/envs_63,21.139
counter_2,CSyft_3/core_10/envs_64,23.32
counter_2,CSyft_3/core_10/envs_65,23.961
counter_2,CSyft_3/core_10/envs_66,26.032
counter_2,CSyft_3/core_10/envs_67,29.127
counter_2,CSyft_3/core_10/envs_68,31.298
counter_2,CSyft_3/core_10/envs_69,33.799
counter_2,CSyft_3/core_10/envs_70,37.011
counter_2,CSyft_3/core_10/envs_71,43.97
counter_2,CSyft_3/core_10/envs_72,43.239
counter_2,CSyft_3/core_10/envs_73,46.52
counter_2,CSyft_3/core_10/envs_74,51.103
counter_2,CSyft_3/core_10/envs_75,54.859
counter_2,CSyft_3/core_10/envs_76,59.144
counter_2,CSyft_3/core_10/envs_77,60.956
counter_2,CSyft_3/core_10/envs_78,66.083
counter_2,CSyft_3/core_10/envs_79,68.748
counter_2,CSyft_3/core_10/envs_80,73.225
counter_2,CSyft_3/core_10/envs_81,77.246
counter_2,CSyft_3/core_10/envs_82,81.483
counter_2,CSyft_3/core_10/envs_83,85.814
counter_2,CSyft_3/core_10/envs_84,90.217
counter_2,CSyft_3/core_10/envs_85,95.153
counter_2,CSyft_3/core_10/envs_86,101.368
counter_2,CSyft_3/core_10/envs_87,106.701
counter_2,CSyft_3/core_10/envs_88,109.278
counter_2,CSyft_3/core_10/envs_89,113.853
counter_2,CSyft_3/core_10/envs_90,125.332
counter_2,CSyft_3/core_10/envs_91,124.351
counter_2,CSyft_3/core_10/envs_92,131.86
counter_2,CSyft_3/core_10/envs_93,137.063
counter_2,CSyft_3/core_10/envs_94,143.039
counter_2,CSyft_3/core_10/envs_95,153.833
counter_2,CSyft_3/core_10/envs_96,155.383
counter_2,CSyft_3/core_10/envs_97,163.89
counter_2,CSyft_3/core_10/envs_98,173.086
counter_2,CSyft_3/core_10/envs_99,177.167
counter_2,CSyft_3/core_10/envs_100,185.295
counter_3,CSyft_3/core_10/envs_10,0.039
counter_3,CSyft_3/core_10/envs_11,0.05
counter_3,CSyft_3/core_10/envs_12,0.064
counter_3,CSyft_3/core_10/envs_13,0.103
counter_3,CSyft_3/core_10/envs_14,0.187
counter_3,CSyft_3/core_10/envs_15,0.354
counter_3,CSyft_3/core_10/envs_16,0.655
counter_3,CSyft_3/core_10/envs_17,1.178
counter_3,CSyft_3/core_10/envs_18,1.862
counter_3,CSyft_3/core_10/envs_19,2.568
counter_3,CSyft_3/core_10/envs_20,3.398
counter_3,CSyft_3/core_10/envs_21,4.402
counter_3,CSyft_3/core_10/envs_22,5.515
counter_3,CSyft_3/core_10/envs_23,6.941
counter_3,CSyft_3/core_10/envs_24,8.613
counter_3,CSyft_3/core_10/envs_25,10.01
counter_3,CSyft_3/core_10/envs_26,12.01
counter_3,CSyft_3/core_10/envs_27,14.101
counter_3,CSyft_3/core_10/envs_28,16.503
counter_3,CSyft_3/core_10/envs_29,18.891
counter_3,CSyft_3/core_10/envs_30,21.835
counter_3,CSyft_3/core_10/envs_31,25.083
counter_3,CSyft_3/core_10/envs_32,27.617
counter_3,CSyft_3/core_10/envs_33,31.701
counter_3,CSyft_3/core_10/envs_34,35.883
counter_3,CSyft_3/core_10/envs_35,41.273
counter_3,CSyft_3/core_10/envs_36,46.995
counter_3,CSyft_3/core_10/envs_37,52.011
counter_3,CSyft_3/core_10/envs_38,58.088
counter_3,CSyft_3/core_10/envs_39,62.965
counter_3,CSyft_3/core_10/envs_40,69.503
counter_3,CSyft_3/core_10/envs_41,75.471
counter_3,CSyft_3/core_10/envs_42,83.886
counter_3,CSyft_3/core_10/envs_43,90.989
counter_3,CSyft_3/core_10/envs_44,99.7
counter_3,CSyft_3/core_10/envs_45,108.297
counter_3,CSyft_3/core_10/envs_46,116.786
counter_3,CSyft_3/core_10/envs_47,125.77
counter_3,CSyft_3/core_10/envs_48,135.62
counter_3,CSyft_3/core_10/envs_49,145.742
counter_3,CSyft_3/core_10/envs_50,157.88
counter_3,CSyft_3/core_10/envs_51,166.667
counter_3,CSyft_3/core_10/envs_52,177.766
counter_3,CSyft_3/core_10/envs_53,188.77
counter_3,CSyft_3/core_10/envs_54,199.21
counter_3,CSyft_3/core_10/envs_55,212.138
counter_3,CSyft_3/core_10/envs_56,225.51
counter_3,CSyft_3/core_10/envs_57,236.145
counter_3,CSyft_3/core_10/envs_58,250.76
counter_3,CSyft_3/core_10/envs_59,266.478
counter_3,CSyft_3/core_10/envs_60,274.426
counter_3,CSyft_3/core_10/envs_61,288.442
counter_4,CSyft_3/core_10/envs_10,0.054
counter_4,CSyft_3/core_10/envs_11,0.071
counter_4,CSyft_3/core_10/envs_12,0.115
counter_4,CSyft_3/core_10/envs_13,0.269
counter_4,CSyft_3/core_10/envs_14,0.976
counter_4,CSyft_3/core_10/envs_15,3.98
counter_4,CSyft_3/core_10/envs_16,17.125
counter_4,CSyft_3/core_10/envs_17,65.064
counter_4,CSyft_3/core_10/envs_18,181.735
counter_5,CSyft_3/core_10/envs_10,0.131
counter_5,CSyft_3/core_10/envs_11,0.17
counter_5,CSyft_3/core_10/envs_12,0.232
counter_5,CSyft_3/core_10/envs_13,0.45
counter_5,CSyft_3/core_10/envs_14,1.366
counter_5,CSyft_3/core_10/envs_15,5.171
counter_5,CSyft_3/core_10/envs_16,21.529
counter_5,CSyft_3/core_10/envs_17,90.023
counter_6,CSyft_3/core_10/envs_10,0.528
counter_6,CSyft_3/core_10/envs_11,0.629
counter_6,CSyft_3/core_10/envs_12,0.742
counter_6,CSyft_3/core_10/envs_13,1.272
counter_6,CSyft_3/core_10/envs_14,2.7
counter_6,CSyft_3/core_10/envs_15,6.876
counter_6,CSyft_3/core_10/envs_16,25.441
counter_6,CSyft_3/core_10/envs_17,96.928
counter_7,CSyft_3/core_10/envs_10,5.081
counter_7,CSyft_3/core_10/envs_11,6.852
counter_7,CSyft_3/core_10/envs_12,5.769
counter_7,CSyft_3/core_10/envs_13,5.416
counter_7,CSyft_3/core_10/envs_14,6.982
counter_7,CSyft_3/core_10/envs_15,14.259
counter_7,CSyft_3/core_10/envs_16,33.817
counter_7,CSyft_3/core_10/envs_17,105.271
counter_8,CSyft_3/core_10/envs_10,14.928
counter_8,CSyft_3/core_10/envs_11,14.893
counter_8,CSyft_3/core_10/envs_12,13.635
counter_8,CSyft_3/core_10/envs_13,17.248
counter_8,CSyft_3/core_10/envs_14,16.366
counter_8,CSyft_3/core_10/envs_15,22.838
counter_8,CSyft_3/core_10/envs_16,50.338
counter_8,CSyft_3/core_10/envs_17,142.665
counter_1,CSyft_3/core_20/envs_20,0.087
counter_1,CSyft_3/core_20/envs_21,0.089
counter_1,CSyft_3/core_20/envs_22,0.102
counter_1,CSyft_3/core_20/envs_23,0.115
counter_1,CSyft_3/core_20/envs_24,0.128
counter_1,CSyft_3/core_20/envs_25,0.143
counter_1,CSyft_3/core_20/envs_26,0.163
counter_1,CSyft_3/core_20/envs_27,0.183
counter_1,CSyft_3/core_20/envs_28,0.209
counter_1,CSyft_3/core_20/envs_29,0.226
counter_1,CSyft_3/core_20/envs_30,0.261
counter_1,CSyft_3/core_20/envs_31,0.344
counter_1,CSyft_3/core_20/envs_32,0.423
counter_1,CSyft_3/core_20/envs_33,0.506
counter_1,CSyft_3/core_20/envs_34,0.69
counter_1,CSyft_3/core_20/envs_35,0.755
counter_1,CSyft_3/core_20/envs_36,0.84
counter_1,CSyft_3/core_20/envs_37,0.816
counter_1,CSyft_3/core_20/envs_38,0.891
counter_1,CSyft_3/core_20/envs_39,1.027
counter_1,CSyft_3/core_20/envs_40,1.135
counter_1,CSyft_3/core_20/envs_41,1.119
counter_1,CSyft_3/core_20/envs_42,1.169
counter_1,CSyft_3/core_20/envs_43,1.296
counter_1,CSyft_3/core_20/envs_44,1.616
counter_1,CSyft_3/core_20/envs_45,2.224
counter_1,CSyft_3/core_20/envs_46,2.48
counter_1,CSyft_3/core_20/envs_47,2.316
counter_1,CSyft_3/core_20/envs_48,2.501
counter_1,CSyft_3/core_20/envs_49,2.359
counter_1,CSyft_3/core_20/envs_50,2.646
counter_1,CSyft_3/core_20/envs_51,3.228
counter_1,CSyft_3/core_20/envs_52,3.35
counter_1,CSyft_3/core_20/envs_53,3.39
counter_1,CSyft_3/core_20/envs_54,3.76
counter_1,CSyft_3/core_20/envs_55,4.869
counter_1,CSyft_3/core_20/envs_56,4.574
counter_1,CSyft_3/core_20/envs_57,5.055
counter_1,CSyft_3/core_20/envs_58,5.263
counter_1,CSyft_3/core_20/envs_59,5.516
counter_1,CSyft_3/core_20/envs_60,5.975
counter_1,CSyft_3/core_20/envs_61,6.753
counter_1,CSyft_3/core_20/envs_62,7.309
counter_1,CSyft_3/core_20/envs_63,7.689
counter_1,CSyft_3/core_20/envs_64,7.978
counter_1,CSyft_3/core_20/envs_65,7.946
counter_1,CSyft_3/core_20/envs_66,8.821
counter_1,CSyft_3/core_20/envs_67,9.237
counter_1,CSyft_3/core_20/envs_68,10.566
counter_1,CSyft_3/core_20/envs_69,10.733
counter_1,CSyft_3/core_20/envs_70,12.134
counter_1,CSyft_3/core_20/envs_71,12.701
counter_1,CSyft_3/core_20/envs_72,14.874
counter_1,CSyft_3/core_20/envs_73,14.304
counter_1,CSyft_3/core_20/envs_74,15.942
counter_1,CSyft_3/core_20/envs_75,16.459
counter_1,CSyft_3/core_20/envs_76,17.74
counter_1,CSyft_3/core_20/envs_77,21.444
counter_1,CSyft_3/core_20/envs_78,22.948
counter_1,CSyft_3/core_20/envs_79,24.256
counter_1,CSyft_3/core_20/envs_80,26.107
counter_1,CSyft_3/core_20/envs_81,29.156
counter_1,CSyft_3/core_20/envs_82,30.725
counter_1,CSyft_3/core_20/envs_83,35.171
counter_1,CSyft_3/core_20/envs_84,35.239
counter_1,CSyft_3/core_20/envs_85,37.942
counter_1,CSyft_3/core_20/envs_86,46.539
counter_1,CSyft_3/core_20/envs_87,44.749
counter_1,CSyft_3/core_20/envs_88,44.434
counter_1,CSyft_3/core_20/envs_89,48.609
counter_1,CSyft_3/core_20/envs_90,51.041
counter_1,CSyft_3/core_20/envs_91,53.481
counter_1,CSyft_3/core_20/envs_92,59.92
counter_1,CSyft_3/core_20/envs_93,60.012
counter_1,CSyft_3/core_20/envs_94,63.644
counter_1,CSyft_3/core_20/envs_95,65.986
counter_1,CSyft_3/core_20/envs_96,69.351
counter_1,CSyft_3/core_20/envs_97,74.238
counter_1,CSyft_3/core_20/envs_98,78.265
counter_1,CSyft_3/core_20/envs_99,79.756
counter_1,CSyft_3/core_20/envs_100,85.469
counter_2,CSyft_3/core_20/envs_20,0.088
counter_2,CSyft_3/core_20/envs_21,0.102
counter_2,CSyft_3/core_20/envs_22,0.116
counter_2,CSyft_3/core_20/envs_23,0.129
counter_2,CSyft_3/core_20/envs_24,0.155
counter_2,CSyft_3/core_20/envs_25,0.182
counter_2,CSyft_3/core_20/envs_26,0.217
counter_2,CSyft_3/core_20/envs_27,0.247
counter_2,CSyft_3/core_20/envs_28,0.305
counter_2,CSyft_3/core_20/envs_29,0.359
counter_2,CSyft_3/core_20/envs_30,0.455
counter_2,CSyft_3/core_20/envs_31,0.62
counter_2,CSyft_3/core_20/envs_32,0.809
counter_2,CSyft_3/core_20/envs_33,1.05
counter_2,CSyft_3/core_20/envs_34,1.186
counter_2,CSyft_3/core_20/envs_35,1.325
counter_2,CSyft_3/core_20/envs_36,1.264
counter_2,CSyft_3/core_20/envs_37,1.452
counter_2,CSyft_3/core_20/envs_38,1.598
counter_2,CSyft_3/core_20/envs_39,1.728
counter_2,CSyft_3/core_20/envs_40,1.939
counter_2,CSyft_3/core_20/envs_41,2.179
counter_2,CSyft_3/core_20/envs_42,2.68
counter_2,CSyft_3/core_20/envs_43,2.846
counter_2,CSyft_3/core_20/envs_44,2.963
counter_2,CSyft_3/core_20/envs_45,3.259
counter_2,CSyft_3/core_20/envs_46,3.548
counter_2,CSyft_3/core_20/envs_47,3.862
counter_2,CSyft_3/core_20/envs_48,4.821
counter_2,CSyft_3/core_20/envs_49,5.205
counter_2,CSyft_3/core_20/envs_50,5.668
counter_2,CSyft_3/core_20/envs_51,5.665
counter_2,CSyft_3/core_20/envs_52,6.109
counter_2,CSyft_3/core_20/envs_53,6.78
counter_2,CSyft_3/core_20/envs_54,7.212
counter_2,CSyft_3/core_20/envs_55,7.553
counter_2,CSyft_3/core_20/envs_56,8.126
counter_2,CSyft_3/core_20/envs_57,8.574
counter_2,CSyft_3/core_20/envs_58,9.517
counter_2,CSyft_3/core_20/envs_59,10.773
counter_2,CSyft_3/core_20/envs_60,10.557
counter_2,CSyft_3/core_20/envs_61,12.192
counter_2,CSyft_3/core_20/envs_62,12.046
counter_2,CSyft_3/core_20/envs_63,13.17
counter_2,CSyft_3/core_20/envs_64,13.915
counter_2,CSyft_3/core_20/envs_65,15.204
counter_2,CSyft_3/core_20/envs_66,15.943
counter_2,CSyft_3/core_20/envs_67,18.808
counter_2,CSyft_3/core_20/envs_68,18.269
counter_2,CSyft_3/core_20/envs_69,19.647
counter_2,CSyft_3/core_20/envs_70,20.889
counter_2,CSyft_3/core_20/envs_71,22.66
counter_2,CSyft_3/core_20/envs_72,23.529
counter_2,CSyft_3/core_20/envs_73,27.336
counter_2,CSyft_3/core_20/envs_74,28.817
counter_2,CSyft_3/core_20/envs_75,31.374
counter_2,CSyft_3/core_20/envs_76,36.398
counter_2,CSyft_3/core_20/envs_77,37.462
counter_2,CSyft_3/core_20/envs_78,41.477
counter_2,CSyft_3/core_20/envs_79,44.87
counter_2,CSyft_3/core_20/envs_80,49.378
counter_2,CSyft_3/core_20/envs_81,50.633
counter_2,CSyft_3/core_20/envs_82,53.687
counter_2,CSyft_3/core_20/envs_83,56.686
counter_2,CSyft_3/core_20/envs_84,62.225
counter_2,CSyft_3/core_20/envs_85,65.941
counter_2,CSyft_3/core_20/envs_86,71.913
counter_2,CSyft_3/core_20/envs_87,75.347
counter_2,CSyft_3/core_20/envs_88,81.074
counter_2,CSyft_3/core_20/envs_89,85.437
counter_2,CSyft_3/core_20/envs_90,89.125
counter_2,CSyft_3/core_20/envs_91,92.713
counter_2,CSyft_3/core_20/envs_92,98.989
counter_2,CSyft_3/core_20/envs_93,105.11
counter_2,CSyft_3/core_20/envs_94,108.676
counter_2,CSyft_3/core_20/envs_95,112.711
counter_2,CSyft_3/core_20/envs_96,119.084
counter_2,CSyft_3/core_20/envs_97,126.96
counter_2,CSyft_3/core_20/envs_98,131.565
counter_2,CSyft_3/core_20/envs_99,136.541
counter_2,CSyft_3/core_20/envs_100,142.043
counter_3,CSyft_3/core_20/envs_20,0.103
counter_3,CSyft_3/core_20/envs_21,0.123
counter_3,CSyft_3/core_20/envs_22,0.146
counter_3,CSyft_3/core_20/envs_23,0.2
counter_3,CSyft_3/core_20/envs_24,0.312
counter_3,CSyft_3/core_20/envs_25,0.542
counter_3,CSyft_3/core_20/envs_26,0.932
counter_3,CSyft_3/core_20/envs_27,1.425
counter_3,CSyft_3/core_20/envs_28,2.121
counter_3,CSyft_3/core_20/envs_29,2.869
counter_3,CSyft_3/core_20/envs_30,3.805
counter_3,CSyft_3/core_20/envs_31,4.869
counter_3,CSyft_3/core_20/envs_32,6.302
counter_3,CSyft_3/core_20/envs_33,7.923
counter_3,CSyft_3/core_20/envs_34,9.503
counter_3,CSyft_3/core_20/envs_35,11.267
counter_3,CSyft_3/core_20/envs_36,13.207
counter_3,CSyft_3/core_20/envs_37,15.454
counter_3,CSyft_3/core_20/envs_38,18.02
counter_3,CSyft_3/core_20/envs_39,20.535
counter_3,CSyft_3/core_20/envs_40,23.854
counter_3,CSyft_3/core_20/envs_41,27.542
counter_3,CSyft_3/core_20/envs_42,30.49
counter_3,CSyft_3/core_20/envs_43,34.694
counter_3,CSyft_3/core_20/envs_44,38.991
counter_3,CSyft_3/core_20/envs_45,44.045
counter_3,CSyft_3/core_20/envs_46,49.248
counter_3,CSyft_3/core_20/envs_47,55.627
counter_3,CSyft_3/core_20/envs_48,62.133
counter_3,CSyft_3/core_20/envs_49,67.953
counter_3,CSyft_3/core_20/envs_50,76.513
counter_3,CSyft_3/core_20/envs_51,83.606
counter_3,CSyft_3/core_20/envs_52,90.718
counter_3,CSyft_3/core_20/envs_53,99.769
counter_3,CSyft_3/core_20/envs_54,108.558
counter_3,CSyft_3/core_20/envs_55,117.064
counter_3,CSyft_3/core_20/envs_56,126.138
counter_3,CSyft_3/core_20/envs_57,136.135
counter_3,CSyft_3/core_20/envs_58,145.793
counter_3,CSyft_3/core_20/envs_59,155.906
counter_3,CSyft_3/core_20/envs_60,168.222
counter_3,CSyft_3/core_20/envs_61,178.463
counter_3,CSyft_3/core_20/envs_62,190.205
counter_3,CSyft_3/core_20/envs_63,204.255
counter_3,CSyft_3/core_20/envs_64,217.1
counter_3,CSyft_3/core_20/envs_65,228.352
counter_3,CSyft_3/core_20/envs_66,242.308
counter_3,CSyft_3/core_20/envs_67,258.017
counter_3,CSyft_3/core_20/envs_68,270.671
counter_3,CSyft_3/core_20/envs_69,285.127
counter_4,CSyft_3/core_20/envs_20,0.124
counter_4,CSyft_3/core_20/envs_21,0.172
counter_4,CSyft_3/core_20/envs_22,0.249
counter_4,CSyft_3/core_20/envs_23,0.697
counter_4,CSyft_3/core_20/envs_24,3.286
counter_4,CSyft_3/core_20/envs_25,12.07
counter_4,CSyft_3/core_20/envs_26,40.6
counter_4,CSyft_3/core_20/envs_27,109.305
counter_4,CSyft_3/core_20/envs_28,277.214
counter_5,CSyft_3/core_20/envs_20,0.211
counter_5,CSyft_3/core_20/envs_21,0.281
counter_5,CSyft_3/core_20/envs_22,0.467
counter_5,CSyft_3/core_20/envs_23,2.463
counter_5,CSyft_3/core_20/envs_24,15.371
counter_5,CSyft_3/core_20/envs_25,111.895
counter_6,CSyft_3/core_20/envs_20,0.612
counter_6,CSyft_3/core_20/envs_21,0.722
counter_6,CSyft_3/core_20/envs_22,1.126
counter_6,CSyft_3/core_20/envs_23,4.018
counter_6,CSyft_3/core_20/envs_24,18.079
counter_6,CSyft_3/core_20/envs_25,125.491
counter_7,CSyft_3/core_20/envs_20,4.63
counter_7,CSyft_3/core_20/envs_21,4.83
counter_7,CSyft_3/core_20/envs_22,5.474
counter_7,CSyft_3/core_20/envs_23,8.279
counter_7,CSyft_3/core_20/envs_24,25.919
counter_7,CSyft_3/core_20/envs_25,150.577
counter_8,CSyft_3/core_20/envs_20,15.26
counter_8,CSyft_3/core_20/envs_21,14.997
counter_8,CSyft_3/core_20/envs_22,18.712
counter_8,CSyft_3/core_20/envs_23,18.949
counter_8,CSyft_3/core_20/envs_24,38.566
counter_8,CSyft_3/core_20/envs_25,179.342
counter_1,CSyft_3/core_30/envs_30,0.337
counter_1,CSyft_3/core_30/envs_31,0.345
counter_1,CSyft_3/core_30/envs_32,0.359
counter_1,CSyft_3/core_30/envs_33,0.387
counter_1,CSyft_3/core_30/envs_34,0.401
counter_1,CSyft_3/core_30/envs_35,0.427
counter_1,CSyft_3/core_30/envs_36,0.453
counter_1,CSyft_3/core_30/envs_37,0.484
counter_1,CSyft_3/core_30/envs_38,0.528
counter_1,CSyft_3/core_30/envs_39,0.564
counter_1,CSyft_3/core_30/envs_40,0.597
counter_1,CSyft_3/core_30/envs_41,0.669
counter_1,CSyft_3/core_30/envs_42,0.693
counter_1,CSyft_3/core_30/envs_43,0.791
counter_1,CSyft_3/core_30/envs_44,0.868
counter_1,CSyft_3/core_30/envs_45,0.915
counter_1,CSyft_3/core_30/envs_46,1.047
counter_1,CSyft_3/core_30/envs_47,1.15
counter_1,CSyft_3/core_30/envs_48,1.254
counter_1,CSyft_3/core_30/envs_49,1.377
counter_1,CSyft_3/core_30/envs_50,1.482
counter_1,CSyft_3/core_30/envs_51,1.654
counter_1,CSyft_3/core_30/envs_52,1.818
counter_1,CSyft_3/core_30/envs_53,2.04
counter_1,CSyft_3/core_30/envs_54,2.176
counter_1,CSyft_3/core_30/envs_55,2.395
counter_1,CSyft_3/core_30/envs_56,2.562
counter_1,CSyft_3/core_30/envs_57,2.838
counter_1,CSyft_3/core_30/envs_58,4.143
counter_1,CSyft_3/core_30/envs_59,3.922
counter_1,CSyft_3/core_30/envs_60,3.736
counter_1,CSyft_3/core_30/envs_61,3.903
counter_1,CSyft_3/core_30/envs_62,4.51
counter_1,CSyft_3/core_30/envs_63,4.665
counter_1,CSyft_3/core_30/envs_64,5.701
counter_1,CSyft_3/core_30/envs_65,5.01
counter_1,CSyft_3/core_30/envs_66,5.926
counter_1,CSyft_3/core_30/envs_67,6.879
counter_1,CSyft_3/core_30/envs_68,8.149
counter_1,CSyft_3/core_30/envs_69,7.033
counter_1,CSyft_3/core_30/envs_70,8.026
counter_1,CSyft_3/core_30/envs_71,8.394
counter_1,CSyft_3/core_30/envs_72,8.067
counter_1,CSyft_3/core_30/envs_73,8.608
counter_1,CSyft_3/core_30/envs_74,9.613
counter_1,CSyft_3/core_30/envs_75,10.073
counter_1,CSyft_3/core_30/envs_76,13.33
counter_1,CSyft_3/core_30/envs_77,12.79
counter_1,CSyft_3/core_30/envs_78,12.309
counter_1,CSyft_3/core_30/envs_79,14.796
counter_1,CSyft_3/core_30/envs_80,14.197
counter_1,CSyft_3/core_30/envs_81,16.377
counter_1,CSyft_3/core_30/envs_82,16.39
counter_1,CSyft_3/core_30/envs_83,17.587
counter_1,CSyft_3/core_30/envs_84,22.27
counter_1,CSyft_3/core_30/envs_85,22.855
counter_1,CSyft_3/core_30/envs_86,23.777
counter_1,CSyft_3/core_30/envs_87,25.668
counter_1,CSyft_3/core_30/envs_88,27.869
counter_1,CSyft_3/core_30/envs_89,29.525
counter_1,CSyft_3/core_30/envs_90,32.399
counter_1,CSyft_3/core_30/envs_91,34.579
counter_1,CSyft_3/core_30/envs_92,38.074
counter_1,CSyft_3/core_30/envs_93,38.871
counter_1,CSyft_3/core_30/envs_94,43.167
counter_1,CSyft_3/core_30/envs_95,45.272
counter_1,CSyft_3/core_30/envs_96,45.948
counter_1,CSyft_3/core_30/envs_97,50.755
counter_1,CSyft_3/core_30/envs_98,56.345
counter_1,CSyft_3/core_30/envs_99,56.003
counter_1,CSyft_3/core_30/envs_100,59.484
counter_2,CSyft_3/core_30/envs_30,0.339
counter_2,CSyft_3/core_30/envs_31,0.378
counter_2,CSyft_3/core_30/envs_32,0.379
counter_2,CSyft_3/core_30/envs_33,0.41
counter_2,CSyft_3/core_30/envs_34,0.452
counter_2,CSyft_3/core_30/envs_35,0.485
counter_2,CSyft_3/core_30/envs_36,0.521
counter_2,CSyft_3/core_30/envs_37,0.612
counter_2,CSyft_3/core_30/envs_38,0.651
counter_2,CSyft_3/core_30/envs_39,0.743
counter_2,CSyft_3/core_30/envs_40,0.857
counter_2,CSyft_3/core_30/envs_41,0.949
counter_2,CSyft_3/core_30/envs_42,1.09
counter_2,CSyft_3/core_30/envs_43,1.23
counter_2,CSyft_3/core_30/envs_44,1.367
counter_2,CSyft_3/core_30/envs_45,1.494
counter_2,CSyft_3/core_30/envs_46,1.68
counter_2,CSyft_3/core_30/envs_47,1.978
counter_2,CSyft_3/core_30/envs_48,2.196
counter_2,CSyft_3/core_30/envs_49,2.396
counter_2,CSyft_3/core_30/envs_50,3.263
counter_2,CSyft_3/core_30/envs_51,3.761
counter_2,CSyft_3/core_30/envs_52,3.597
counter_2,CSyft_3/core_30/envs_53,3.462
counter_2,CSyft_3/core_30/envs_54,4.065
counter_2,CSyft_3/core_30/envs_55,5.218
counter_2,CSyft_3/core_30/envs_56,4.987
counter_2,CSyft_3/core_30/envs_57,5.894
counter_2,CSyft_3/core_30/envs_58,6.375
counter_2,CSyft_3/core_30/envs_59,6.164
counter_2,CSyft_3/core_30/envs_60,6.578
counter_2,CSyft_3/core_30/envs_61,6.774
counter_2,CSyft_3/core_30/envs_62,7.505
counter_2,CSyft_3/core_30/envs_63,7.937
counter_2,CSyft_3/core_30/envs_64,8.406
counter_2,CSyft_3/core_30/envs_65,8.986
counter_2,CSyft_3/core_30/envs_66,9.894
counter_2,CSyft_3/core_30/envs_67,12.201
counter_2,CSyft_3/core_30/envs_68,11.746
counter_2,CSyft_3/core_30/envs_69,11.988
counter_2,CSyft_3/core_30/envs_70,14.429
counter_2,CSyft_3/core_30/envs_71,14.326
counter_2,CSyft_3/core_30/envs_72,14.521
counter_2,CSyft_3/core_30/envs_73,15.965
counter_2,CSyft_3/core_30/envs_74,16.777
counter_2,CSyft_3/core_30/envs_75,17.622
counter_2,CSyft_3/core_30/envs_76,20.023
counter_2,CSyft_3/core_30/envs_77,21.875
counter_2,CSyft_3/core_30/envs_78,21.468
counter_2,CSyft_3/core_30/envs_79,22.955
counter_2,CSyft_3/core_30/envs_80,24.995
counter_2,CSyft_3/core_30/envs_81,28.989
counter_2,CSyft_3/core_30/envs_82,29.619
counter_2,CSyft_3/core_30/envs_83,32.587
counter_2,CSyft_3/core_30/envs_84,35.346
counter_2,CSyft_3/core_30/envs_85,39.562
counter_2,CSyft_3/core_30/envs_86,41.785
counter_2,CSyft_3/core_30/envs_87,44.618
counter_2,CSyft_3/core_30/envs_88,48.621
counter_2,CSyft_3/core_30/envs_89,56.17
counter_2,CSyft_3/core_30/envs_90,57.836
counter_2,CSyft_3/core_30/envs_91,61.905
counter_2,CSyft_3/core_30/envs_92,66.509
counter_2,CSyft_3/core_30/envs_93,68.428
counter_2,CSyft_3/core_30/envs_94,75.491
counter_2,CSyft_3/core_30/envs_95,78.067
counter_2,CSyft_3/core_30/envs_96,86.774
counter_2,CSyft_3/core_30/envs_97,90.107
counter_2,CSyft_3/core_30/envs_98,91.074
counter_2,CSyft_3/core_30/envs_99,96.286
counter_2,CSyft_3/core_30/envs_100,106.852
counter_3,CSyft_3/core_30/envs_30,0.334
counter_3,CSyft_3/core_30/envs_31,0.369
counter_3,CSyft_3/core_30/envs_32,0.416
counter_3,CSyft_3/core_30/envs_33,0.53
counter_3,CSyft_3/core_30/envs_34,0.834
counter_3,CSyft_3/core_30/envs_35,1.448
counter_3,CSyft_3/core_30/envs_36,2.359
counter_3,CSyft_3/core_30/envs_37,3.04
counter_3,CSyft_3/core_30/envs_38,3.582
counter_3,CSyft_3/core_30/envs_39,4.191
counter_3,CSyft_3/core_30/envs_40,5.095
counter_3,CSyft_3/core_30/envs_41,6.582
counter_3,CSyft_3/core_30/envs_42,8.648
counter_3,CSyft_3/core_30/envs_43,10.008
counter_3,CSyft_3/core_30/envs_44,12.483
counter_3,CSyft_3/core_30/envs_45,15.321
counter_3,CSyft_3/core_30/envs_46,15.949
counter_3,CSyft_3/core_30/envs_47,18.43
counter_3,CSyft_3/core_30/envs_48,21.035
counter_3,CSyft_3/core_30/envs_49,23.973
counter_3,CSyft_3/core_30/envs_50,27.776
counter_3,CSyft_3/core_30/envs_51,31.236
counter_3,CSyft_3/core_30/envs_52,35.593
counter_3,CSyft_3/core_30/envs_53,41.238
counter_3,CSyft_3/core_30/envs_54,45.465
counter_3,CSyft_3/core_30/envs_55,50.69
counter_3,CSyft_3/core_30/envs_56,57.388
counter_3,CSyft_3/core_30/envs_57,63.273
counter_3,CSyft_3/core_30/envs_58,69.964
counter_3,CSyft_3/core_30/envs_59,77.747
counter_3,CSyft_3/core_30/envs_60,83.842
counter_3,CSyft_3/core_30/envs_61,92.094
counter_3,CSyft_3/core_30/envs_62,99.817
counter_3,CSyft_3/core_30/envs_63,111.11
counter_3,CSyft_3/core_30/envs_64,121.316
counter_3,CSyft_3/core_30/envs_65,128.643
counter_3,CSyft_3/core_30/envs_66,140.948
counter_3,CSyft_3/core_30/envs_67,152.769
counter_3,CSyft_3/core_30/envs_68,162.188
counter_3,CSyft_3/core_30/envs_69,172.709
counter_3,CSyft_3/core_30/envs_70,185.759
counter_3,CSyft_3/core_30/envs_71,198.75
counter_3,CSyft_3/core_30/envs_72,211.615
counter_3,CSyft_3/core_30/envs_73,224.482
counter_3,CSyft_3/core_30/envs_74,238.969
counter_3,CSyft_3/core_30/envs_75,255.382
counter_3,CSyft_3/core_30/envs_76,265.729
counter_3,CSyft_3/core_30/envs_77,282.881
counter_3,CSyft_3/core_30/envs_78,297.408
counter_4,CSyft_3/core_30/envs_30,0.357
counter_4,CSyft_3/core_30/envs_31,0.42
counter_4,CSyft_3/core_30/envs_32,0.56
counter_4,CSyft_3/core_30/envs_33,1.521
counter_4,CSyft_3/core_30/envs_34,5.721
counter_4,CSyft_3/core_30/envs_35,15.769
counter_4,CSyft_3/core_30/envs_36,47.2
counter_4,CSyft_3/core_30/envs_37,129.314
counter_5,CSyft_3/core_30/envs_30,0.448
counter_5,CSyft_3/core_30/envs_31,0.614
counter_5,CSyft_3/core_30/envs_32,1.333
counter_5,CSyft_3/core_30/envs_33,8.494
counter_5,CSyft_3/core_30/envs_34,76.442
counter_6,CSyft_3/core_30/envs_30,0.896
counter_6,CSyft_3/core_30/envs_31,1.156
counter_6,CSyft_3/core_30/envs_32,2.095
counter_6,CSyft_3/core_30/envs_33,10.443
counter_6,CSyft_3/core_30/envs_34,100.478
counter_7,CSyft_3/core_30/envs_30,4.999
counter_7,CSyft_3/core_30/envs_31,5.555
counter_7,CSyft_3/core_30/envs_32,6.719
counter_7,CSyft_3/core_30/envs_33,18.634
counter_7,CSyft_3/core_30/envs_34,126.909
counter_8,CSyft_3/core_30/envs_30,14.508
counter_8,CSyft_3/core_30/envs_31,16.942
counter_8,CSyft_3/core_30/envs_32,18.056
counter_8,CSyft_3/core_30/envs_33,31.421
counter_8,CSyft_3/core_30/envs_34,159.757
counter_1,CSyft_3/core_40/envs_40,0.896
counter_1,CSyft_3/core_40/envs_41,0.985
counter_1,CSyft_3/core_40/envs_42,0.973
counter_1,CSyft_3/core_40/envs_43,0.979
counter_1,CSyft_3/core_40/envs_44,1.014
counter_1,CSyft_3/core_40/envs_45,1.039
counter_1,CSyft_3/core_40/envs_46,1.085
counter_1,CSyft_3/core_40/envs_47,1.153
counter_1,CSyft_3/core_40/envs_48,1.208
counter_1,CSyft_3/core_40/envs_49,1.255
counter_1,CSyft_3/core_40/envs_50,1.327
counter_1,CSyft_3/core_40/envs_51,1.346
counter_1,CSyft_3/core_40/envs_52,1.426
counter_1,CSyft_3/core_40/envs_53,1.496
counter_1,CSyft_3/core_40/envs_54,1.638
counter_1,CSyft_3/core_40/envs_55,1.707
counter_1,CSyft_3/core_40/envs_56,1.772
counter_1,CSyft_3/core_40/envs_57,1.994
counter_1,CSyft_3/core_40/envs_58,2.118
counter_1,CSyft_3/core_40/envs_59,2.32
counter_1,CSyft_3/core_40/envs_60,2.411
counter_1,CSyft_3/core_40/envs_61,2.589
counter_1,CSyft_3/core_40/envs_62,2.737
counter_1,CSyft_3/core_40/envs_63,2.972
counter_1,CSyft_3/core_40/envs_64,3.146
counter_1,CSyft_3/core_40/envs_65,3.358
counter_1,CSyft_3/core_40/envs_66,5.533
counter_1,CSyft_3/core_40/envs_67,5.391
counter_1,CSyft_3/core_40/envs_68,4.659
counter_1,CSyft_3/core_40/envs_69,4.219
counter_1,CSyft_3/core_40/envs_70,4.498
counter_1,CSyft_3/core_40/envs_71,5.327
counter_1,CSyft_3/core_40/envs_72,7.782
counter_1,CSyft_3/core_40/envs_73,6.309
counter_1,CSyft_3/core_40/envs_74,8.028
counter_1,CSyft_3/core_40/envs_75,10.147
counter_1,CSyft_3/core_40/envs_76,7.775
counter_1,CSyft_3/core_40/envs_77,8.164
counter_1,CSyft_3/core_40/envs_78,8.679
counter_1,CSyft_3/core_40/envs_79,8.411
counter_1,CSyft_3/core_40/envs_80,8.809
counter_1,CSyft_3/core_40/envs_81,10.421
counter_1,CSyft_3/core_40/envs_82,9.824
counter_1,CSyft_3/core_40/envs_83,10.654
counter_1,CSyft_3/core_40/envs_84,11.166
counter_1,CSyft_3/core_40/envs_85,13.37
counter_1,CSyft_3/core_40/envs_86,13.533
counter_1,CSyft_3/core_40/envs_87,13.586
counter_1,CSyft_3/core_40/envs_88,15.72
counter_1,CSyft_3/core_40/envs_89,15.382
counter_1,CSyft_3/core_40/envs_90,18.327
counter_1,CSyft_3/core_40/envs_91,21.014
counter_1,CSyft_3/core_40/envs_92,22.08
counter_1,CSyft_3/core_40/envs_93,24.493
counter_1,CSyft_3/core_40/envs_94,28.305
counter_1,CSyft_3/core_40/envs_95,28.34
counter_1,CSyft_3/core_40/envs_96,30.583
counter_1,CSyft_3/core_40/envs_97,30.299
counter_1,CSyft_3/core_40/envs_98,37.689
counter_1,CSyft_3/core_40/envs_99,35.852
counter_1,CSyft_3/core_40/envs_100,39.341
counter_2,CSyft_3/core_40/envs_40,0.869
counter_2,CSyft_3/core_40/envs_41,0.939
counter_2,CSyft_3/core_40/envs_42,0.98
counter_2,CSyft_3/core_40/envs_43,1.047
counter_2,CSyft_3/core_40/envs_44,1.091
counter_2,CSyft_3/core_40/envs_45,1.119
counter_2,CSyft_3/core_40/envs_46,1.192
counter_2,CSyft_3/core_40/envs_47,1.272
counter_2,CSyft_3/core_40/envs_48,1.302
counter_2,CSyft_3/core_40/envs_49,1.385
counter_2,CSyft_3/core_40/envs_50,1.476
counter_2,CSyft_3/core_40/envs_51,1.65
counter_2,CSyft_3/core_40/envs_52,1.819
counter_2,CSyft_3/core_40/envs_53,1.964
counter_2,CSyft_3/core_40/envs_54,2.116
counter_2,CSyft_3/core_40/envs_55,2.288
counter_2,CSyft_3/core_40/envs_56,2.409
counter_2,CSyft_3/core_40/envs_57,2.712
counter_2,CSyft_3/core_40/envs_58,2.982
counter_2,CSyft_3/core_40/envs_59,3.247
counter_2,CSyft_3/core_40/envs_60,3.51
counter_2,CSyft_3/core_40/envs_61,4.051
counter_2,CSyft_3/core_40/envs_62,7.513
counter_2,CSyft_3/core_40/envs_63,6.34
counter_2,CSyft_3/core_40/envs_64,5.378
counter_2,CSyft_3/core_40/envs_65,5.101
counter_2,CSyft_3/core_40/envs_66,6.903
counter_2,CSyft_3/core_40/envs_67,9.793
counter_2,CSyft_3/core_40/envs_68,7.513
counter_2,CSyft_3/core_40/envs_69,7.056
counter_2,CSyft_3/core_40/envs_70,8.15
counter_2,CSyft_3/core_40/envs_71,8.644
counter_2,CSyft_3/core_40/envs_72,8.723
counter_2,CSyft_3/core_40/envs_73,9.41
counter_2,CSyft_3/core_40/envs_74,9.92
counter_2,CSyft_3/core_40/envs_75,10.637
counter_2,CSyft_3/core_40/envs_76,11.35
counter_2,CSyft_3/core_40/envs_77,13.875
counter_2,CSyft_3/core_40/envs_78,13.762
counter_2,CSyft_3/core_40/envs_79,17.459
counter_2,CSyft_3/core_40/envs_80,15.583
counter_2,CSyft_3/core_40/envs_81,19.013
counter_2,CSyft_3/core_40/envs_82,18.317
counter_2,CSyft_3/core_40/envs_83,17.834
counter_2,CSyft_3/core_40/envs_84,18.936
counter_2,CSyft_3/core_40/envs_85,23.14
counter_2,CSyft_3/core_40/envs_86,21.677
counter_2,CSyft_3/core_40/envs_87,25.406
counter_2,CSyft_3/core_40/envs_88,24.483
counter_2,CSyft_3/core_40/envs_89,25.928
counter_2,CSyft_3/core_40/envs_90,28.36
counter_2,CSyft_3/core_40/envs_91,33.305
counter_2,CSyft_3/core_40/envs_92,36.749
counter_2,CSyft_3/core_40/envs_93,39.727
counter_2,CSyft_3/core_40/envs_94,40.481
counter_2,CSyft_3/core_40/envs_95,46.453
counter_2,CSyft_3/core_40/envs_96,52.227
counter_2,CSyft_3/core_40/envs_97,51.886
counter_2,CSyft_3/core_40/envs_98,54.906
counter_2,CSyft_3/core_40/envs_99,61.637
counter_2,CSyft_3/core_40/envs_100,64.992
counter_3,CSyft_3/core_40/envs_40,0.904
counter_3,CSyft_3/core_40/envs_41,0.982
counter_3,CSyft_3/core_40/envs_42,1.041
counter_3,CSyft_3/core_40/envs_43,1.132
counter_3,CSyft_3/core_40/envs_44,1.33
counter_3,CSyft_3/core_40/envs_45,1.566
counter_3,CSyft_3/core_40/envs_46,1.999
counter_3,CSyft_3/core_40/envs_47,2.615
counter_3,CSyft_3/core_40/envs_48,3.474
counter_3,CSyft_3/core_40/envs_49,4.445
counter_3,CSyft_3/core_40/envs_50,5.995
counter_3,CSyft_3/core_40/envs_51,7.713
counter_3,CSyft_3/core_40/envs_52,9.122
counter_3,CSyft_3/core_40/envs_53,10.904
counter_3,CSyft_3/core_40/envs_54,12.677
counter_3,CSyft_3/core_40/envs_55,14.154
counter_3,CSyft_3/core_40/envs_56,16.436
counter_3,CSyft_3/core_40/envs_57,18.615
counter_3,CSyft_3/core_40/envs_58,22.349
counter_3,CSyft_3/core_40/envs_59,24.655
counter_3,CSyft_3/core_40/envs_60,29.695
counter_3,CSyft_3/core_40/envs_61,32.33
counter_3,CSyft_3/core_40/envs_62,35.753
counter_3,CSyft_3/core_40/envs_63,40.217
counter_3,CSyft_3/core_40/envs_64,45.596
counter_3,CSyft_3/core_40/envs_65,50.907
counter_3,CSyft_3/core_40/envs_66,60.587
counter_3,CSyft_3/core_40/envs_67,65.707
counter_3,CSyft_3/core_40/envs_68,73.016
counter_3,CSyft_3/core_40/envs_69,79.34
counter_3,CSyft_3/core_40/envs_70,87.636
counter_3,CSyft_3/core_40/envs_71,95.498
counter_3,CSyft_3/core_40/envs_72,103.881
counter_3,CSyft_3/core_40/envs_73,114.18
counter_3,CSyft_3/core_40/envs_74,128.657
counter_3,CSyft_3/core_40/envs_75,137.142
counter_3,CSyft_3/core_40/envs_76,148.148
counter_3,CSyft_3/core_40/envs_77,161.371
counter_3,CSyft_3/core_40/envs_78,171.931
counter_3,CSyft_3/core_40/envs_79,184.829
counter_3,CSyft_3/core_40/envs_80,193.119
counter_3,CSyft_3/core_40/envs_81,206.845
counter_3,CSyft_3/core_40/envs_82,220.383
counter_3,CSyft_3/core_40/envs_83,235.853
counter_3,CSyft_3/core_40/envs_84,250.448
counter_3,CSyft_3/core_40/envs_85,267.861
counter_3,CSyft_3/core_40/envs_86,280.458
counter_3,CSyft_3/core_40/envs_87,299.382
counter_4,CSyft_3/core_40/envs_40,0.953
counter_4,CSyft_3/core_40/envs_41,1.103
counter_4,CSyft_3/core_40/envs_42,1.838
counter_4,CSyft_3/core_40/envs_43,3.449
counter_4,CSyft_3/core_40/envs_44,5.898
counter_4,CSyft_3/core_40/envs_45,15.85
counter_4,CSyft_3/core_40/envs_46,49.364
counter_4,CSyft_3/core_40/envs_47,135.28
counter_5,CSyft_3/core_40/envs_40,1.074
counter_5,CSyft_3/core_40/envs_41,1.241
counter_5,CSyft_3/core_40/envs_42,1.971
counter_5,CSyft_3/core_40/envs_43,7.772
counter_5,CSyft_3/core_40/envs_44,77.157
counter_6,CSyft_3/core_40/envs_40,1.482
counter_6,CSyft_3/core_40/envs_41,2.174
counter_6,CSyft_3/core_40/envs_42,5.672
counter_6,CSyft_3/core_40/envs_43,22.738
counter_7,CSyft_3/core_40/envs_40,7.446
counter_7,CSyft_3/core_40/envs_41,8.196
counter_7,CSyft_3/core_40/envs_42,9.939
counter_7,CSyft_3/core_40/envs_43,28.952
counter_8,CSyft_3/core_40/envs_40,13.502
counter_8,CSyft_3/core_40/envs_41,14.978
counter_8,CSyft_3/core_40/envs_42,19.973
counter_8,CSyft_3/core_40/envs_43,41.889
counter_1,CSyft_3/core_50/envs_50,1.996
counter_1,CSyft_3/core_50/envs_51,2.186
counter_1,CSyft_3/core_50/envs_52,2.247
counter_1,CSyft_3/core_50/envs_53,2.243
counter_1,CSyft_3/core_50/envs_54,2.407
counter_1,CSyft_3/core_50/envs_55,2.419
counter_1,CSyft_3/core_50/envs_56,2.458
counter_1,CSyft_3/core_50/envs_57,2.521
counter_1,CSyft_3/core_50/envs_58,2.591
counter_1,CSyft_3/core_50/envs_59,2.658
counter_1,CSyft_3/core_50/envs_60,2.686
counter_1,CSyft_3/core_50/envs_61,2.81
counter_1,CSyft_3/core_50/envs_62,2.893
counter_1,CSyft_3/core_50/envs_63,2.964
counter_1,CSyft_3/core_50/envs_64,3.117
counter_1,CSyft_3/core_50/envs_65,3.209
counter_1,CSyft_3/core_50/envs_66,3.341
counter_1,CSyft_3/core_50/envs_67,3.401
counter_1,CSyft_3/core_50/envs_68,3.565
counter_1,CSyft_3/core_50/envs_69,3.998
counter_1,CSyft_3/core_50/envs_70,3.959
counter_1,CSyft_3/core_50/envs_71,4.2
counter_1,CSyft_3/core_50/envs_72,7.275
counter_1,CSyft_3/core_50/envs_73,6.347
counter_1,CSyft_3/core_50/envs_74,5.609
counter_1,CSyft_3/core_50/envs_75,6.507
counter_1,CSyft_3/core_50/envs_76,6.335
counter_1,CSyft_3/core_50/envs_77,10.43
counter_1,CSyft_3/core_50/envs_78,7.154
counter_1,CSyft_3/core_50/envs_79,7.745
counter_1,CSyft_3/core_50/envs_80,6.975
counter_1,CSyft_3/core_50/envs_81,9.768
counter_1,CSyft_3/core_50/envs_82,10.699
counter_1,CSyft_3/core_50/envs_83,10.587
counter_1,CSyft_3/core_50/envs_84,10.062
counter_1,CSyft_3/core_50/envs_85,10.596
counter_1,CSyft_3/core_50/envs_86,8.972
counter_1,CSyft_3/core_50/envs_87,11.515
counter_1,CSyft_3/core_50/envs_88,10.061
counter_1,CSyft_3/core_50/envs_89,10.548
counter_1,CSyft_3/core_50/envs_90,10.766
counter_1,CSyft_3/core_50/envs_91,13.873
counter_1,CSyft_3/core_50/envs_92,14.524
counter_1,CSyft_3/core_50/envs_93,15.349
counter_1,CSyft_3/core_50/envs_94,13.507
counter_1,CSyft_3/core_50/envs_95,19.025
counter_1,CSyft_3/core_50/envs_96,15.364
counter_1,CSyft_3/core_50/envs_97,19.499
counter_1,CSyft_3/core_50/envs_98,21.444
counter_1,CSyft_3/core_50/envs_99,18.783
counter_1,CSyft_3/core_50/envs_100,20.677
counter_2,CSyft_3/core_50/envs_50,2.013
counter_2,CSyft_3/core_50/envs_51,2.111
counter_2,CSyft_3/core_50/envs_52,2.138
counter_2,CSyft_3/core_50/envs_53,2.168
counter_2,CSyft_3/core_50/envs_54,2.304
counter_2,CSyft_3/core_50/envs_55,2.426
counter_2,CSyft_3/core_50/envs_56,2.447
counter_2,CSyft_3/core_50/envs_57,2.585
counter_2,CSyft_3/core_50/envs_58,2.59
counter_2,CSyft_3/core_50/envs_59,2.735
counter_2,CSyft_3/core_50/envs_60,2.959
counter_2,CSyft_3/core_50/envs_61,2.984
counter_2,CSyft_3/core_50/envs_62,3.126
counter_2,CSyft_3/core_50/envs_63,3.516
counter_2,CSyft_3/core_50/envs_64,3.748
counter_2,CSyft_3/core_50/envs_65,3.747
counter_2,CSyft_3/core_50/envs_66,4.114
counter_2,CSyft_3/core_50/envs_67,7.645
counter_2,CSyft_3/core_50/envs_68,7.611
counter_2,CSyft_3/core_50/envs_69,5.693
counter_2,CSyft_3/core_50/envs_70,6.4
counter_2,CSyft_3/core_50/envs_71,6.302
counter_2,CSyft_3/core_50/envs_72,7.997
counter_2,CSyft_3/core_50/envs_73,9.755
counter_2,CSyft_3/core_50/envs_74,7.465
counter_2,CSyft_3/core_50/envs_75,10.308
counter_2,CSyft_3/core_50/envs_76,7.974
counter_2,CSyft_3/core_50/envs_77,10.084
counter_2,CSyft_3/core_50/envs_78,10.185
counter_2,CSyft_3/core_50/envs_79,10.647
counter_2,CSyft_3/core_50/envs_80,11.257
counter_2,CSyft_3/core_50/envs_81,13.055
counter_2,CSyft_3/core_50/envs_82,11.433
counter_2,CSyft_3/core_50/envs_83,11.339
counter_2,CSyft_3/core_50/envs_84,12.221
counter_2,CSyft_3/core_50/envs_85,12.869
counter_2,CSyft_3/core_50/envs_86,13.715
counter_2,CSyft_3/core_50/envs_87,19.199
counter_2,CSyft_3/core_50/envs_88,18.53
counter_2,CSyft_3/core_50/envs_89,16.548
counter_2,CSyft_3/core_50/envs_90,20.846
counter_2,CSyft_3/core_50/envs_91,20.902
counter_2,CSyft_3/core_50/envs_92,21.474
counter_2,CSyft_3/core_50/envs_93,24.518
counter_2,CSyft_3/core_50/envs_94,24.552
counter_2,CSyft_3/core_50/envs_95,23.792
counter_2,CSyft_3/core_50/envs_96,27.622
counter_2,CSyft_3/core_50/envs_97,28.896
counter_2,CSyft_3/core_50/envs_98,28.889
counter_2,CSyft_3/core_50/envs_99,30.429
counter_2,CSyft_3/core_50/envs_100,37.738
counter_3,CSyft_3/core_50/envs_50,2.087
counter_3,CSyft_3/core_50/envs_51,2.226
counter_3,CSyft_3/core_50/envs_52,2.252
counter_3,CSyft_3/core_50/envs_53,2.417
counter_3,CSyft_3/core_50/envs_54,2.582
counter_3,CSyft_3/core_50/envs_55,2.822
counter_3,CSyft_3/core_50/envs_56,3.453
counter_3,CSyft_3/core_50/envs_57,3.896
counter_3,CSyft_3/core_50/envs_58,4.715
counter_3,CSyft_3/core_50/envs_59,5.739
counter_3,CSyft_3/core_50/envs_60,8.407
counter_3,CSyft_3/core_50/envs_61,10.316
counter_3,CSyft_3/core_50/envs_62,9.283
counter_3,CSyft_3/core_50/envs_63,11.432
counter_3,CSyft_3/core_50/envs_64,13.191
counter_3,CSyft_3/core_50/envs_65,17.485
counter_3,CSyft_3/core_50/envs_66,17.733
counter_3,CSyft_3/core_50/envs_67,20.668
counter_3,CSyft_3/core_50/envs_68,25.552
counter_3,CSyft_3/core_50/envs_69,26.627
counter_3,CSyft_3/core_50/envs_70,32.645
counter_3,CSyft_3/core_50/envs_71,34.599
counter_3,CSyft_3/core_50/envs_72,39.231
counter_3,CSyft_3/core_50/envs_73,47.082
counter_3,CSyft_3/core_50/envs_74,50.031
counter_3,CSyft_3/core_50/envs_75,57.738
counter_3,CSyft_3/core_50/envs_76,63.139
counter_3,CSyft_3/core_50/envs_77,70.464
counter_3,CSyft_3/core_50/envs_78,78.512
counter_3,CSyft_3/core_50/envs_79,85.836
counter_3,CSyft_3/core_50/envs_80,94.804
counter_3,CSyft_3/core_50/envs_81,103.367
counter_3,CSyft_3/core_50/envs_82,115.075
counter_3,CSyft_3/core_50/envs_83,122.41
counter_3,CSyft_3/core_50/envs_84,133.75
counter_3,CSyft_3/core_50/envs_85,142.86
counter_3,CSyft_3/core_50/envs_86,155.531
counter_3,CSyft_3/core_50/envs_87,169.273
counter_3,CSyft_3/core_50/envs_88,179.294
counter_3,CSyft_3/core_50/envs_89,195.754
counter_3,CSyft_3/core_50/envs_90,205.256
counter_3,CSyft_3/core_50/envs_91,218.861
counter_3,CSyft_3/core_50/envs_92,232.576
counter_3,CSyft_3/core_50/envs_93,252.197
counter_3,CSyft_3/core_50/envs_94,260.458
counter_3,CSyft_3/core_50/envs_95,279.583
counter_3,CSyft_3/core_50/envs_96,293.126
counter_4,CSyft_3/core_50/envs_50,2.161
counter_4,CSyft_3/core_50/envs_51,2.331
counter_4,CSyft_3/core_50/envs_52,2.488
counter_4,CSyft_3/core_50/envs_53,3.096
counter_4,CSyft_3/core_50/envs_54,5.864
counter_4,CSyft_3/core_50/envs_55,18.186
counter_4,CSyft_3/core_50/envs_56,47.751
counter_4,CSyft_3/core_50/envs_57,134.327
counter_5,CSyft_3/core_50/envs_50,2.415
counter_5,CSyft_3/core_50/envs_51,5.009
counter_5,CSyft_3/core_50/envs_52,5.031
counter_5,CSyft_3/core_50/envs_53,10.01
counter_5,CSyft_3/core_50/envs_54,75.634
counter_6,CSyft_3/core_50/envs_50,3.219
counter_6,CSyft_3/core_50/envs_51,6.185
counter_6,CSyft_3/core_50/envs_52,7.298
counter_6,CSyft_3/core_50/envs_53,42.295
counter_7,CSyft_3/core_50/envs_50,6.911
counter_7,CSyft_3/core_50/envs_51,7.902
counter_7,CSyft_3/core_50/envs_52,11.265
counter_7,CSyft_3/core_50/envs_53,53.961
counter_8,CSyft_3/core_50/envs_50,14.914
counter_8,CSyft_3/core_50/envs_51,20.104
counter_8,CSyft_3/core_50/envs_52,21.156
counter_8,CSyft_3/core_50/envs_53,73.43
counter_1,CSyft_3/core_60/envs_60,4.133
counter_1,CSyft_3/core_60/envs_61,4.346
counter_1,CSyft_3/core_60/envs_62,4.42
counter_1,CSyft_3/core_60/envs_63,4.482
counter_1,CSyft_3/core_60/envs_64,4.659
counter_1,CSyft_3/core_60/envs_65,4.517
counter_1,CSyft_3/core_60/envs_66,4.79
counter_1,CSyft_3/core_60/envs_67,4.808
counter_1,CSyft_3/core_60/envs_68,4.897
counter_1,CSyft_3/core_60/envs_69,4.944
counter_1,CSyft_3/core_60/envs_70,5.245
counter_1,CSyft_3/core_60/envs_71,5.328
counter_1,CSyft_3/core_60/envs_72,5.363
counter_1,CSyft_3/core_60/envs_73,5.55
counter_1,CSyft_3/core_60/envs_74,5.69
counter_1,CSyft_3/core_60/envs_75,5.459
counter_1,CSyft_3/core_60/envs_76,5.822
counter_1,CSyft_3/core_60/envs_77,6.059
counter_1,CSyft_3/core_60/envs_78,6.549
counter_1,CSyft_3/core_60/envs_79,6.561
counter_1,CSyft_3/core_60/envs_80,10.655
counter_1,CSyft_3/core_60/envs_81,10.537
counter_1,CSyft_3/core_60/envs_82,9.102
counter_1,CSyft_3/core_60/envs_83,7.859
counter_1,CSyft_3/core_60/envs_84,7.519
counter_1,CSyft_3/core_60/envs_85,7.708
counter_1,CSyft_3/core_60/envs_86,8.324
counter_1,CSyft_3/core_60/envs_87,12.584
counter_1,CSyft_3/core_60/envs_88,9.688
counter_1,CSyft_3/core_60/envs_89,12.032
counter_1,CSyft_3/core_60/envs_90,11.34
counter_1,CSyft_3/core_60/envs_91,16.556
counter_1,CSyft_3/core_60/envs_92,13.616
counter_1,CSyft_3/core_60/envs_93,13.092
counter_1,CSyft_3/core_60/envs_94,16.012
counter_1,CSyft_3/core_60/envs_95,14.493
counter_1,CSyft_3/core_60/envs_96,12.742
counter_1,CSyft_3/core_60/envs_97,15.518
counter_1,CSyft_3/core_60/envs_98,16.244
counter_1,CSyft_3/core_60/envs_99,14.137
counter_1,CSyft_3/core_60/envs_100,14.718
counter_2,CSyft_3/core_60/envs_60,4.181
counter_2,CSyft_3/core_60/envs_61,4.512
counter_2,CSyft_3/core_60/envs_62,4.437
counter_2,CSyft_3/core_60/envs_63,4.422
counter_2,CSyft_3/core_60/envs_64,4.578
counter_2,CSyft_3/core_60/envs_65,4.604
counter_2,CSyft_3/core_60/envs_66,5.001
counter_2,CSyft_3/core_60/envs_67,5.088
counter_2,CSyft_3/core_60/envs_68,5.049
counter_2,CSyft_3/core_60/envs_69,5.302
counter_2,CSyft_3/core_60/envs_70,5.514
counter_2,CSyft_3/core_60/envs_71,5.772
counter_2,CSyft_3/core_60/envs_72,5.51
counter_2,CSyft_3/core_60/envs_73,5.655
counter_2,CSyft_3/core_60/envs_74,6.036
counter_2,CSyft_3/core_60/envs_75,6.516
counter_2,CSyft_3/core_60/envs_76,6.518
counter_2,CSyft_3/core_60/envs_77,6.854
counter_2,CSyft_3/core_60/envs_78,7.171
counter_2,CSyft_3/core_60/envs_79,11.551
counter_2,CSyft_3/core_60/envs_80,11.361
counter_2,CSyft_3/core_60/envs_81,8.743
counter_2,CSyft_3/core_60/envs_82,10.801
counter_2,CSyft_3/core_60/envs_83,8.997
counter_2,CSyft_3/core_60/envs_84,13.292
counter_2,CSyft_3/core_60/envs_85,12.406
counter_2,CSyft_3/core_60/envs_86,10.855
counter_2,CSyft_3/core_60/envs_87,15.479
counter_2,CSyft_3/core_60/envs_88,11.505
counter_2,CSyft_3/core_60/envs_89,15.331
counter_2,CSyft_3/core_60/envs_90,12.904
counter_2,CSyft_3/core_60/envs_91,13.38
counter_2,CSyft_3/core_60/envs_92,14.316
counter_2,CSyft_3/core_60/envs_93,18.223
counter_2,CSyft_3/core_60/envs_94,18.516
counter_2,CSyft_3/core_60/envs_95,17.011
counter_2,CSyft_3/core_60/envs_96,22.405
counter_2,CSyft_3/core_60/envs_97,18.68
counter_2,CSyft_3/core_60/envs_98,24.496
counter_2,CSyft_3/core_60/envs_99,20.88
counter_2,CSyft_3/core_60/envs_100,22.169
counter_3,CSyft_3/core_60/envs_60,5.718
counter_3,CSyft_3/core_60/envs_61,5.397
counter_3,CSyft_3/core_60/envs_62,4.449
counter_3,CSyft_3/core_60/envs_63,4.68
counter_3,CSyft_3/core_60/envs_64,4.658
counter_3,CSyft_3/core_60/envs_65,5.122
counter_3,CSyft_3/core_60/envs_66,5.882
counter_3,CSyft_3/core_60/envs_67,6.744
counter_3,CSyft_3/core_60/envs_68,11.456
counter_3,CSyft_3/core_60/envs_69,11.91
counter_3,CSyft_3/core_60/envs_70,13.622
counter_3,CSyft_3/core_60/envs_71,12.511
counter_3,CSyft_3/core_60/envs_72,13.778
counter_3,CSyft_3/core_60/envs_73,16.179
counter_3,CSyft_3/core_60/envs_74,22.062
counter_3,CSyft_3/core_60/envs_75,24.611
counter_3,CSyft_3/core_60/envs_76,24.356
counter_3,CSyft_3/core_60/envs_77,29.907
counter_3,CSyft_3/core_60/envs_78,32.175
counter_3,CSyft_3/core_60/envs_79,39.35
counter_3,CSyft_3/core_60/envs_80,45.413
counter_3,CSyft_3/core_60/envs_81,49.101
counter_3,CSyft_3/core_60/envs_82,55.626
counter_3,CSyft_3/core_60/envs_83,56.745
counter_3,CSyft_3/core_60/envs_84,63.765
counter_3,CSyft_3/core_60/envs_85,75.07
counter_3,CSyft_3/core_60/envs_86,77.888
counter_3,CSyft_3/core_60/envs_87,89.583
counter_3,CSyft_3/core_60/envs_88,93.876
counter_3,CSyft_3/core_60/envs_89,107.24
counter_3,CSyft_3/core_60/envs_90,113.428
counter_3,CSyft_3/core_60/envs_91,121.947
counter_3,CSyft_3/core_60/envs_92,132.416
counter_3,CSyft_3/core_60/envs_93,148.341
counter_3,CSyft_3/core_60/envs_94,154.207
counter_3,CSyft_3/core_60/envs_95,169.773
counter_3,CSyft_3/core_60/envs_96,182.172
counter_3,CSyft_3/core_60/envs_97,191.979
counter_3,CSyft_3/core_60/envs_98,208.329
counter_3,CSyft_3/core_60/envs_99,225.894
counter_3,CSyft_3/core_60/envs_100,240.826
counter_4,CSyft_3/core_60/envs_60,6.671
counter_4,CSyft_3/core_60/envs_61,6.991
counter_4,CSyft_3/core_60/envs_62,4.674
counter_4,CSyft_3/core_60/envs_63,6.149
counter_4,CSyft_3/core_60/envs_64,11.362
counter_4,CSyft_3/core_60/envs_65,23.167
counter_4,CSyft_3/core_60/envs_66,65.649
counter_4,CSyft_3/core_60/envs_67,165.712
counter_5,CSyft_3/core_60/envs_60,4.243
counter_5,CSyft_3/core_60/envs_61,4.572
counter_5,CSyft_3/core_60/envs_62,5.303
counter_5,CSyft_3/core_60/envs_63,13.13
counter_5,CSyft_3/core_60/envs_64,104.209
counter_6,CSyft_3/core_60/envs_60,6.866
counter_6,CSyft_3/core_60/envs_61,8.434
counter_6,CSyft_3/core_60/envs_62,10.52
counter_6,CSyft_3/core_60/envs_63,94.275
counter_7,CSyft_3/core_60/envs_60,9.251
counter_7,CSyft_3/core_60/envs_61,10.263
counter_7,CSyft_3/core_60/envs_62,18.897
counter_7,CSyft_3/core_60/envs_63,108.061
counter_8,CSyft_3/core_60/envs_60,21.747
counter_8,CSyft_3/core_60/envs_61,18.936
counter_8,CSyft_3/core_60/envs_62,26.016
counter_8,CSyft_3/core_60/envs_63,138.378
counter_1,CSyft_3/core_70/envs_70,10.266
counter_1,CSyft_3/core_70/envs_71,7.381
counter_1,CSyft_3/core_70/envs_72,7.285
counter_1,CSyft_3/core_70/envs_73,7.37
counter_1,CSyft_3/core_70/envs_74,7.507
counter_1,CSyft_3/core_70/envs_75,8.368
counter_1,CSyft_3/core_70/envs_76,8.214
counter_1,CSyft_3/core_70/envs_77,8.151
counter_1,CSyft_3/core_70/envs_78,8.626
counter_1,CSyft_3/core_70/envs_79,8.977
counter_1,CSyft_3/core_70/envs_80,8.994
counter_1,CSyft_3/core_70/envs_81,9.319
counter_1,CSyft_3/core_70/envs_82,9.181
counter_1,CSyft_3/core_70/envs_83,9.276
counter_1,CSyft_3/core_70/envs_84,9.661
counter_1,CSyft_3/core_70/envs_85,9.84
counter_1,CSyft_3/core_70/envs_86,9.173
counter_1,CSyft_3/core_70/envs_87,9.773
counter_1,CSyft_3/core_70/envs_88,9.797
counter_1,CSyft_3/core_70/envs_89,16.459
counter_1,CSyft_3/core_70/envs_90,12.635
counter_1,CSyft_3/core_70/envs_91,15.224
counter_1,CSyft_3/core_70/envs_92,12.958
counter_1,CSyft_3/core_70/envs_93,10.992
counter_1,CSyft_3/core_70/envs_94,11.061
counter_1,CSyft_3/core_70/envs_95,11.869
counter_1,CSyft_3/core_70/envs_96,12.182
counter_1,CSyft_3/core_70/envs_97,12.439
counter_1,CSyft_3/core_70/envs_98,19.138
counter_1,CSyft_3/core_70/envs_99,18.772
counter_1,CSyft_3/core_70/envs_100,21.472
counter_2,CSyft_3/core_70/envs_70,10.162
counter_2,CSyft_3/core_70/envs_71,7.23
counter_2,CSyft_3/core_70/envs_72,7.553
counter_2,CSyft_3/core_70/envs_73,7.735
counter_2,CSyft_3/core_70/envs_74,8.305
counter_2,CSyft_3/core_70/envs_75,8.282
counter_2,CSyft_3/core_70/envs_76,8.552
counter_2,CSyft_3/core_70/envs_77,8.607
counter_2,CSyft_3/core_70/envs_78,8.913
counter_2,CSyft_3/core_70/envs_79,8.772
counter_2,CSyft_3/core_70/envs_80,9.349
counter_2,CSyft_3/core_70/envs_81,9.176
counter_2,CSyft_3/core_70/envs_82,9.215
counter_2,CSyft_3/core_70/envs_83,9.605
counter_2,CSyft_3/core_70/envs_84,9.47
counter_2,CSyft_3/core_70/envs_85,9.957
counter_2,CSyft_3/core_70/envs_86,10.602
counter_2,CSyft_3/core_70/envs_87,17.684
counter_2,CSyft_3/core_70/envs_88,15.572
counter_2,CSyft_3/core_70/envs_89,14.916
counter_2,CSyft_3/core_70/envs_90,12.373
counter_2,CSyft_3/core_70/envs_91,17.822
counter_2,CSyft_3/core_70/envs_92,11.97
counter_2,CSyft_3/core_70/envs_93,21.077
counter_2,CSyft_3/core_70/envs_94,16.411
counter_2,CSyft_3/core_70/envs_95,17.665
counter_2,CSyft_3/core_70/envs_96,14.247
counter_2,CSyft_3/core_70/envs_97,18.407
counter_2,CSyft_3/core_70/envs_98,15.622
counter_2,CSyft_3/core_70/envs_99,16.585
counter_2,CSyft_3/core_70/envs_100,19.973
counter_3,CSyft_3/core_70/envs_70,7.5
counter_3,CSyft_3/core_70/envs_71,7.829
counter_3,CSyft_3/core_70/envs_72,7.881
counter_3,CSyft_3/core_70/envs_73,8.212
counter_3,CSyft_3/core_70/envs_74,8.497
counter_3,CSyft_3/core_70/envs_75,8.718
counter_3,CSyft_3/core_70/envs_76,9.306
counter_3,CSyft_3/core_70/envs_77,10.39
counter_3,CSyft_3/core_70/envs_78,11.036
counter_3,CSyft_3/core_70/envs_79,17.361
counter_3,CSyft_3/core_70/envs_80,14.627
counter_3,CSyft_3/core_70/envs_81,16.022
counter_3,CSyft_3/core_70/envs_82,16.255
counter_3,CSyft_3/core_70/envs_83,18.755
counter_3,CSyft_3/core_70/envs_84,25.758
counter_3,CSyft_3/core_70/envs_85,23.244
counter_3,CSyft_3/core_70/envs_86,25.565
counter_3,CSyft_3/core_70/envs_87,31.652
counter_3,CSyft_3/core_70/envs_88,31.753
counter_3,CSyft_3/core_70/envs_89,35.463
counter_3,CSyft_3/core_70/envs_90,42.649
counter_3,CSyft_3/core_70/envs_91,49.882
counter_3,CSyft_3/core_70/envs_92,49.497
counter_3,CSyft_3/core_70/envs_93,54.869
counter_3,CSyft_3/core_70/envs_94,61.211
counter_3,CSyft_3/core_70/envs_95,68.028
counter_3,CSyft_3/core_70/envs_96,75.008
counter_3,CSyft_3/core_70/envs_97,82.321
counter_3,CSyft_3/core_70/envs_98,96.845
counter_3,CSyft_3/core_70/envs_99,99.119
counter_3,CSyft_3/core_70/envs_100,107.63
counter_4,CSyft_3/core_70/envs_70,7.25
counter_4,CSyft_3/core_70/envs_71,7.695
counter_4,CSyft_3/core_70/envs_72,8.009
counter_4,CSyft_3/core_70/envs_73,8.712
counter_4,CSyft_3/core_70/envs_74,11.711
counter_4,CSyft_3/core_70/envs_75,27.825
counter_4,CSyft_3/core_70/envs_76,67.373
counter_4,CSyft_3/core_70/envs_77,167.774
counter_5,CSyft_3/core_70/envs_70,7.237
counter_5,CSyft_3/core_70/envs_71,7.631
counter_5,CSyft_3/core_70/envs_72,8.659
counter_5,CSyft_3/core_70/envs_73,16.722
counter_5,CSyft_3/core_70/envs_74,103.151
counter_6,CSyft_3/core_70/envs_70,7.849
counter_6,CSyft_3/core_70/envs_71,8.702
counter_6,CSyft_3/core_70/envs_72,13.53
counter_6,CSyft_3/core_70/envs_73,113.065
counter_7,CSyft_3/core_70/envs_70,15.183
counter_7,CSyft_3/core_70/envs_71,13.46
counter_7,CSyft_3/core_70/envs_72,21.081
counter_7,CSyft_3/core_70/envs_73,185.01
counter_8,CSyft_3/core_70/envs_70,20.418
counter_8,CSyft_3/core_70/envs_71,28.524
counter_8,CSyft_3/core_70/envs_72,35.875
counter_8,CSyft_3/core_70/envs_73,232.89
counter_1,CSyft_3/core_80/envs_80,11.914
counter_1,CSyft_3/core_80/envs_81,12.712
counter_1,CSyft_3/core_80/envs_82,12.36
counter_1,CSyft_3/core_80/envs_83,12.331
counter_1,CSyft_3/core_80/envs_84,12.881
counter_1,CSyft_3/core_80/envs_85,13.074
counter_1,CSyft_3/core_80/envs_86,13.065
counter_1,CSyft_3/core_80/envs_87,13.224
counter_1,CSyft_3/core_80/envs_88,13.385
counter_1,CSyft_3/core_80/envs_89,13.405
counter_1,CSyft_3/core_80/envs_90,13.765
counter_1,CSyft_3/core_80/envs_91,14.082
counter_1,CSyft_3/core_80/envs_92,13.993
counter_1,CSyft_3/core_80/envs_93,14.179
counter_1,CSyft_3/core_80/envs_94,15.077
counter_1,CSyft_3/core_80/envs_95,14.31
counter_1,CSyft_3/core_80/envs_96,14.668
counter_1,CSyft_3/core_80/envs_97,15.632
counter_1,CSyft_3/core_80/envs_98,15.882
counter_1,CSyft_3/core_80/envs_99,16.01
counter_1,CSyft_3/core_80/envs_100,15.816
counter_2,CSyft_3/core_80/envs_80,12.651
counter_2,CSyft_3/core_80/envs_81,13.576
counter_2,CSyft_3/core_80/envs_82,13.31
counter_2,CSyft_3/core_80/envs_83,13.972
counter_2,CSyft_3/core_80/envs_84,13.759
counter_2,CSyft_3/core_80/envs_85,14.273
counter_2,CSyft_3/core_80/envs_86,14.385
counter_2,CSyft_3/core_80/envs_87,14.166
counter_2,CSyft_3/core_80/envs_88,14.665
counter_2,CSyft_3/core_80/envs_89,14.61
counter_2,CSyft_3/core_80/envs_90,15.57
counter_2,CSyft_3/core_80/envs_91,15.627
counter_2,CSyft_3/core_80/envs_92,14.775
counter_2,CSyft_3/core_80/envs_93,15.102
counter_2,CSyft_3/core_80/envs_94,14.739
counter_2,CSyft_3/core_80/envs_95,15.375
counter_2,CSyft_3/core_80/envs_96,16.034
counter_2,CSyft_3/core_80/envs_97,23.646
counter_2,CSyft_3/core_80/envs_98,25.074
counter_2,CSyft_3/core_80/envs_99,19.787
counter_2,CSyft_3/core_80/envs_100,22.98
counter_3,CSyft_3/core_80/envs_80,18.684
counter_3,CSyft_3/core_80/envs_81,16.293
counter_3,CSyft_3/core_80/envs_82,15.951
counter_3,CSyft_3/core_80/envs_83,18.678
counter_3,CSyft_3/core_80/envs_84,15.146
counter_3,CSyft_3/core_80/envs_85,14.06
counter_3,CSyft_3/core_80/envs_86,21.664
counter_3,CSyft_3/core_80/envs_87,21.093
counter_3,CSyft_3/core_80/envs_88,16.082
counter_3,CSyft_3/core_80/envs_89,23.163
counter_3,CSyft_3/core_80/envs_90,19.27
counter_3,CSyft_3/core_80/envs_91,22.994
counter_3,CSyft_3/core_80/envs_92,22.41
counter_3,CSyft_3/core_80/envs_93,24.184
counter_3,CSyft_3/core_80/envs_94,32.385
counter_3,CSyft_3/core_80/envs_95,31.798
counter_3,CSyft_3/core_80/envs_96,31.894
counter_3,CSyft_3/core_80/envs_97,41.588
counter_3,CSyft_3/core_80/envs_98,43.116
counter_3,CSyft_3/core_80/envs_99,44.076
counter_3,CSyft_3/core_80/envs_100,46.332
counter_4,CSyft_3/core_80/envs_80,17.907
counter_4,CSyft_3/core_80/envs_81,15.624
counter_4,CSyft_3/core_80/envs_82,13.15
counter_4,CSyft_3/core_80/envs_83,14.145
counter_4,CSyft_3/core_80/envs_84,17.535
counter_4,CSyft_3/core_80/envs_85,36.034
counter_4,CSyft_3/core_80/envs_86,77.638
counter_4,CSyft_3/core_80/envs_87,160.01
counter_5,CSyft_3/core_80/envs_80,15.403
counter_5,CSyft_3/core_80/envs_81,12.999
counter_5,CSyft_3/core_80/envs_82,14.045
counter_5,CSyft_3/core_80/envs_83,21.689
counter_5,CSyft_3/core_80/envs_84,104.666
counter_6,CSyft_3/core_80/envs_80,15.844
counter_6,CSyft_3/core_80/envs_81,22.07
counter_6,CSyft_3/core_80/envs_82,21.274
counter_6,CSyft_3/core_80/envs_83,111.709
counter_7,CSyft_3/core_80/envs_80,17.718
counter_7,CSyft_3/core_80/envs_81,19.117
counter_7,CSyft_3/core_80/envs_82,29.377
counter_7,CSyft_3/core_80/envs_83,296.334
counter_8,CSyft_3/core_80/envs_80,31.739
counter_8,CSyft_3/core_80/envs_81,29.952
counter_8,CSyft_3/core_80/envs_82,41.216
counter_1,CSyft_3/core_90/envs_90,18.538
counter_1,CSyft_3/core_90/envs_91,19.343
counter_1,CSyft_3/core_90/envs_92,20.199
counter_1,CSyft_3/core_90/envs_93,20.163
counter_1,CSyft_3/core_90/envs_94,19.502
counter_1,CSyft_3/core_90/envs_95,19.853
counter_1,CSyft_3/core_90/envs_96,19.68
counter_1,CSyft_3/core_90/envs_97,20.168
counter_1,CSyft_3/core_90/envs_98,21.589
counter_1,CSyft_3/core_90/envs_99,20.84
counter_1,CSyft_3/core_90/envs_100,20.731
counter_2,CSyft_3/core_90/envs_90,19.228
counter_2,CSyft_3/core_90/envs_91,19.535
counter_2,CSyft_3/core_90/envs_92,20.315
counter_2,CSyft_3/core_90/envs_93,19.457
counter_2,CSyft_3/core_90/envs_94,19.569
counter_2,CSyft_3/core_90/envs_95,21.434
counter_2,CSyft_3/core_90/envs_96,19.786
counter_2,CSyft_3/core_90/envs_97,20.145
counter_2,CSyft_3/core_90/envs_98,20.365
counter_2,CSyft_3/core_90/envs_99,21.082
counter_2,CSyft_3/core_90/envs_100,20.946
counter_3,CSyft_3/core_90/envs_90,18.985
counter_3,CSyft_3/core_90/envs_91,20.371
counter_3,CSyft_3/core_90/envs_92,21.092
counter_3,CSyft_3/core_90/envs_93,20.717
counter_3,CSyft_3/core_90/envs_94,20.266
counter_3,CSyft_3/core_90/envs_95,21.736
counter_3,CSyft_3/core_90/envs_96,22.211
counter_3,CSyft_3/core_90/envs_97,23.661
counter_3,CSyft_3/core_90/envs_98,24.44
counter_3,CSyft_3/core_90/envs_99,36.502
counter_3,CSyft_3/core_90/envs_100,30.647
counter_4,CSyft_3/core_90/envs_90,21.131
counter_4,CSyft_3/core_90/envs_91,19.74
counter_4,CSyft_3/core_90/envs_92,20.851
counter_4,CSyft_3/core_90/envs_93,20.785
counter_4,CSyft_3/core_90/envs_94,24.072
counter_4,CSyft_3/core_90/envs_95,45.339
counter_4,CSyft_3/core_90/envs_96,79.877
counter_4,CSyft_3/core_90/envs_97,184.364
counter_5,CSyft_3/core_90/envs_90,21.964
counter_5,CSyft_3/core_90/envs_91,19.67
counter_5,CSyft_3/core_90/envs_92,20.569
counter_5,CSyft_3/core_90/envs_93,28.998
counter_5,CSyft_3/core_90/envs_94,115.553
counter_6,CSyft_3/core_90/envs_90,19.2
counter_6,CSyft_3/core_90/envs_91,21.096
counter_6,CSyft_3/core_90/envs_92,26.738
counter_6,CSyft_3/core_90/envs_93,119.316
counter_7,CSyft_3/core_90/envs_90,23.326
counter_7,CSyft_3/core_90/envs_91,25.312
counter_7,CSyft_3/core_90/envs_92,39.008
counter_8,CSyft_3/core_90/envs_90,34.803
counter_8,CSyft_3/core_90/envs_91,42.322
counter_8,CSyft_3/core_90/envs_92,51.853
